Sport,League,Home_Team,Away_Team,Scenario,Home_Line,Away_Line,Actual_Point_Diff,Who_Covered,Winning_Line
BASKETBALL,NBA,IND PACERS,DET PISTONS,n/a,-7.0,7.0,14.0,IND PACERS,-7.0
BASKETBALL,NBA,CHA HORNETS,BKN NETS,n/a,-3.0,3.0,-21.0,BKN NETS,3.0
BASKETBALL,NBA,WAS WIZARDS,TOR RAPTORS,n/a,6.5,-6.5,-24.0,TOR RAPTORS,-6.5
BASKETBALL,NBA,NY KNICKS,DEN NUGGETS,n/a,-2.5,2.5,10.0,NY KNICKS,-2.5
BASKETBALL,NBA,MIA HEAT,CLE CAVALIERS,n/a,7.0,-7.0,-20.0,CLE CAVALIERS,-7.0
BASKETBALL,NBA,BOS CELTICS,CHI BULLS,n/a,-14.5,14.5,22.0,BOS CELTICS,-14.5
BASKETBALL,NBA,PHI 76ERS,SAC KINGS,n/a,9.0,-9.0,13.0,PHI 76ERS,9.0
BASKETBALL,NBA,NO PELICANS,DAL MAVERICKS,n/a,1.5,-1.5,-1.0,NO PELICANS,1.5
BASKETBALL,NBA,SA SPURS,LA CLIPPERS,n/a,4.0,-4.0,-12.0,LA CLIPPERS,-4.0
BASKETBALL,NBA,PHO SUNS,MIN TIMBERWOLVES,n/a,1.5,-1.5,-8.0,MIN TIMBERWOLVES,-1.5
BASKETBALL,NBA,GS WARRIORS,OKC THUNDER,n/a,10.0,-10.0,7.0,GS WARRIORS,10.0
BASKETBALL,NBA,PHI 76ERS,LA LAKERS,n/a,3.5,-3.5,14.0,PHI 76ERS,3.5
BASKETBALL,NBA,ATL HAWKS,HOU ROCKETS,n/a,6.0,-6.0,-4.0,ATL HAWKS,6.0
BASKETBALL,NBA,POR TRAIL BLAZERS,MIL BUCKS,n/a,5.5,-5.5,13.0,POR TRAIL BLAZERS,5.5
BASKETBALL,NBA,GS WARRIORS,UTA JAZZ,n/a,-12.5,12.5,11.0,UTA JAZZ,12.5
BASKETBALL,NBA,CHA HORNETS,LA LAKERS,n/a,5.5,-5.5,-5.0,CHA HORNETS,5.5
BASKETBALL,NBA,CLE CAVALIERS,DET PISTONS,n/a,-10.5,10.5,19.0,CLE CAVALIERS,-10.5
BASKETBALL,NBA,BOS CELTICS,HOU ROCKETS,n/a,-6.5,6.5,-2.0,HOU ROCKETS,6.5
BASKETBALL,NBA,NY KNICKS,MEM GRIZZLIES,n/a,-3.5,3.5,37.0,NY KNICKS,-3.5
BASKETBALL,NBA,BKN NETS,SAC KINGS,n/a,12.0,-12.0,-14.0,SAC KINGS,-12.0
BASKETBALL,NBA,MIA HEAT,ORL MAGIC,n/a,1.5,-1.5,6.0,MIA HEAT,1.5
BASKETBALL,NBA,TOR RAPTORS,NO PELICANS,n/a,2.0,-2.0,9.0,TOR RAPTORS,2.0
BASKETBALL,NBA,CHI BULLS,DEN NUGGETS,n/a,9.5,-9.5,8.0,CHI BULLS,9.5
BASKETBALL,NBA,MIN TIMBERWOLVES,ATL HAWKS,n/a,-10.5,10.5,8.0,ATL HAWKS,10.5
BASKETBALL,NBA,DAL MAVERICKS,WAS WIZARDS,n/a,-12.5,12.5,22.0,DAL MAVERICKS,-12.5
BASKETBALL,NBA,UTA JAZZ,MIL BUCKS,n/a,9.0,-9.0,-15.0,MIL BUCKS,-9.0
BASKETBALL,NBA,PHO SUNS,LA CLIPPERS,n/a,2.0,-2.0,2.0,PHO SUNS,2.0
FOOTBALL,NFL,PHI EAGLES,WAS COMMANDERS,n/a,-6.0,6.0,32.0,PHI EAGLES,-6.0
FOOTBALL,NFL,KC CHIEFS,BUF BILLS,n/a,-1.5,1.5,3.0,KC CHIEFS,-1.5
BASKETBALL,NBA,POR TRAIL BLAZERS,OKC THUNDER,n/a,14.0,-14.0,-10.0,POR TRAIL BLAZERS,14.0
BASKETBALL,NBA,SA SPURS,IND PACERS,n/a,2.5,-2.5,-38.0,IND PACERS,-2.5
BASKETBALL,NBA,MIN TIMBERWOLVES,DEN NUGGETS,n/a,4.5,-4.5,29.0,MIN TIMBERWOLVES,4.5
BASKETBALL,NBA,DAL MAVERICKS,BOS CELTICS,n/a,8.5,-8.5,-15.0,BOS CELTICS,-8.5
BASKETBALL,NBA,BKN NETS,MIA HEAT,n/a,9.0,-9.0,-9.0,BOTH,""
BASKETBALL,NBA,ORL MAGIC,DET PISTONS,n/a,-3.0,3.0,8.0,ORL MAGIC,-3.0
BASKETBALL,NBA,CHA HORNETS,NO PELICANS,n/a,4.0,-4.0,31.0,CHA HORNETS,4.0
BASKETBALL,NBA,NY KNICKS,SAC KINGS,n/a,-4.5,4.5,23.0,NY KNICKS,-4.5
BASKETBALL,NBA,CLE CAVALIERS,HOU ROCKETS,n/a,-3.5,3.5,-4.0,HOU ROCKETS,3.5
BASKETBALL,NBA,ATL HAWKS,TOR RAPTORS,n/a,-4.0,4.0,-23.0,TOR RAPTORS,4.0
BASKETBALL,NBA,MEM GRIZZLIES,UTA JAZZ,n/a,-11.0,11.0,22.0,MEM GRIZZLIES,-11.0
BASKETBALL,NBA,CHI BULLS,PHI 76ERS,n/a,-4.0,4.0,-12.0,PHI 76ERS,4.0
BASKETBALL,NBA,GS WARRIORS,LA LAKERS,n/a,1.0,-1.0,-10.0,LA LAKERS,-1.0
BASKETBALL,NBA,PHO SUNS,WAS WIZARDS,n/a,-14.0,14.0,10.0,WAS WIZARDS,14.0
BASKETBALL,NBA,LA CLIPPERS,MIL BUCKS,n/a,-3.0,3.0,10.0,LA CLIPPERS,-3.0
BASKETBALL,NBA,PHI 76ERS,CLE CAVALIERS,n/a,10.5,-10.5,3.0,PHI 76ERS,10.5
BASKETBALL,NBA,CHA HORNETS,POR TRAIL BLAZERS,n/a,-5.5,5.5,-5.0,POR TRAIL BLAZERS,5.5
BASKETBALL,NBA,MEM GRIZZLIES,NO PELICANS,n/a,-11.0,11.0,13.0,MEM GRIZZLIES,-11.0
BASKETBALL,CBB,BOWLING GREEN,TOLEDO,n/a,2.5,-2.5,-13.0,TOLEDO,-2.5
BASKETBALL,CBB,MARQUETTE,VILLANOVA,n/a,-9.5,9.5,13.0,MARQUETTE,-9.5
BASKETBALL,CBB,OHIO,KENT STATE,n/a,1.0,-1.0,2.0,OHIO,1.0
BASKETBALL,CBB,STONEHILL,CHICAGO STATE,n/a,-9.0,9.0,2.0,CHICAGO STATE,9.0
BASKETBALL,CBB,NORTHERN KENTUCKY,MILWAUKEE,n/a,1.5,-1.5,-20.0,MILWAUKEE,-1.5
BASKETBALL,CBB,DAYTON,SAINT JOSEPHS,n/a,-6.5,6.5,5.0,SAINT JOSEPHS,6.5
BASKETBALL,CBB,PURDUE,MICHIGAN,n/a,-4.0,4.0,27.0,PURDUE,-4.0
BASKETBALL,CBB,IOWA,PENN STATE,n/a,-3.5,3.5,1.0,PENN STATE,3.5
BASKETBALL,CBB,WASHINGTON,UCLA,n/a,5.0,-5.0,-5.0,BOTH,""
BASKETBALL,NBA,IND PACERS,SA SPURS,n/a,-3.0,3.0,-30.0,SA SPURS,3.0
BASKETBALL,NBA,ORL MAGIC,POR TRAIL BLAZERS,n/a,-8.0,8.0,-22.0,POR TRAIL BLAZERS,8.0
BASKETBALL,NBA,MIL BUCKS,MIA HEAT,n/a,-7.5,7.5,29.0,MIL BUCKS,-7.5
BASKETBALL,NBA,ATL HAWKS,TOR RAPTORS,n/a,-4.5,4.5,-3.0,TOR RAPTORS,4.5
BASKETBALL,NBA,OKC THUNDER,DAL MAVERICKS,n/a,-13.0,13.0,-6.0,DAL MAVERICKS,13.0
BASKETBALL,NBA,DEN NUGGETS,SAC KINGS,n/a,-8.5,8.5,9.0,DEN NUGGETS,-8.5
BASKETBALL,NBA,LA LAKERS,BOS CELTICS,n/a,5.0,-5.0,21.0,LA LAKERS,5.0
BASKETBALL,NBA,LA CLIPPERS,WAS WIZARDS,n/a,-14.0,14.0,17.0,LA CLIPPERS,-14.0
BASKETBALL,NBA,GS WARRIORS,CHI BULLS,n/a,-1.5,1.5,25.0,GS WARRIORS,-1.5
BASKETBALL,CBB,GEORGIA SOUTHERN,COASTAL CAROLINA,n/a,-6.0,6.0,27.0,GEORGIA SOUTHERN,-6.0
BASKETBALL,CBB,LOUISIANA,TEXAS STATE,n/a,6.0,-6.0,-15.0,TEXAS STATE,-6.0
BASKETBALL,CBB,WILLIAM & MARY,HAMPTON,n/a,-6.5,6.5,11.0,WILLIAM & MARY,-6.5
BASKETBALL,CBB,UMASS LOWELL,MAINE,n/a,-4.5,4.5,-1.0,MAINE,4.5
BASKETBALL,CBB,BELLARMINE,FLORIDA GULF COAST,n/a,11.0,-11.0,-16.0,FLORIDA GULF COAST,-11.0
BASKETBALL,CBB,MEMPHIS,WICHITA STATE,n/a,-13.0,13.0,8.0,WICHITA STATE,13.0
BASKETBALL,CBB,ELON,MONMOUTH,n/a,-11.0,11.0,12.0,ELON,-11.0
BASKETBALL,CBB,TOWSON,NORTH CAROLINA A&T,n/a,-13.0,13.0,16.0,TOWSON,-13.0
BASKETBALL,CBB,VERMONT,NJIT,n/a,-16.0,16.0,4.0,NJIT,16.0
BASKETBALL,CBB,LOUISIANA TECH,WESTERN KENTUCKY,n/a,-5.0,5.0,10.0,LOUISIANA TECH,-5.0
BASKETBALL,CBB,GEORGIA STATE,MARSHALL,n/a,5.5,-5.5,-13.0,MARSHALL,-5.5
BASKETBALL,CBB,NEW HAMPSHIRE,BRYANT,n/a,15.0,-15.0,-19.0,BRYANT,-15.0
BASKETBALL,CBB,EASTERN KENTUCKY,STETSON,n/a,-12.5,12.5,-1.0,STETSON,12.5
BASKETBALL,CBB,CHARLESTON,UNC WILMINGTON,n/a,-3.0,3.0,-2.0,UNC WILMINGTON,3.0
BASKETBALL,CBB,WEST GEORGIA,JACKSONVILLE,n/a,9.5,-9.5,-17.0,JACKSONVILLE,-9.5
BASKETBALL,CBB,NORTHEASTERN,DREXEL,n/a,-3.0,3.0,9.0,NORTHEASTERN,-3.0
BASKETBALL,CBB,SAINT PETERS,MERRIMACK,n/a,1.0,-1.0,-11.0,MERRIMACK,-1.0
BASKETBALL,CBB,CHATTANOOGA,SAMFORD,n/a,1.0,-1.0,-4.0,SAMFORD,-1.0
BASKETBALL,CBB,QUEENS NC,NORTH FLORIDA,n/a,-4.0,4.0,-9.0,NORTH FLORIDA,4.0
BASKETBALL,CBB,NORTH ALABAMA,LIPSCOMB,n/a,1.0,-1.0,10.0,NORTH ALABAMA,1.0
BASKETBALL,CBB,SAM HOUSTON,MIDDLE TENNESSEE,n/a,1.5,-1.5,-2.0,MIDDLE TENNESSEE,-1.5
BASKETBALL,CBB,CENTRAL ARKANSAS,AUSTIN PEAY,n/a,2.0,-2.0,-2.0,BOTH,""
BASKETBALL,CBB,ORAL ROBERTS,DENVER,n/a,-5.5,5.5,-2.0,DENVER,5.5
BASKETBALL,CBB,UMKC,SOUTH DAKOTA STATE,n/a,4.5,-4.5,-1.0,UMKC,4.5
BASKETBALL,CBB,NORTH DAKOTA,SOUTH DAKOTA,n/a,-3.5,3.5,-9.0,SOUTH DAKOTA,3.5
BASKETBALL,CBB,ABILENE CHRISTIAN,TARLETON STATE,n/a,-4.0,4.0,11.0,ABILENE CHRISTIAN,-4.0
BASKETBALL,CBB,UT ARLINGTON,SEATTLE,n/a,2.0,-2.0,9.0,UT ARLINGTON,2.0
BASKETBALL,CBB,OMAHA,SAINT THOMAS MN,n/a,3.0,-3.0,11.0,OMAHA,3.0
BASKETBALL,CBB,SOUTHERN UTAH,GRAND CANYON,n/a,11.0,-11.0,-15.0,GRAND CANYON,-11.0
BASKETBALL,CBB,WESTERN ILLINOIS,LITTLE ROCK,n/a,4.5,-4.5,-11.0,LITTLE ROCK,-4.5
BASKETBALL,CBB,SIU EDWARDSVILLE,SOUTHERN INDIANA,n/a,-6.5,6.5,6.0,SOUTHERN INDIANA,6.5
BASKETBALL,CBB,TENNESSEE STATE,TENNESSEE TECH,n/a,-5.0,5.0,12.0,TENNESSEE STATE,-5.0
BASKETBALL,CBB,LINDENWOOD,SE MISSOURI STATE,n/a,1.5,-1.5,4.0,LINDENWOOD,1.5
BASKETBALL,CBB,ILLINOIS,MARYLAND,n/a,-7.5,7.5,-21.0,MARYLAND,7.5
BASKETBALL,CBB,SAINT MARYS,SAN FRANCISCO,n/a,-10.0,10.0,20.0,SAINT MARYS,-10.0
BASKETBALL,CBB,NEW MEXICO STATE,KENNESAW STATE,n/a,-8.0,8.0,-13.0,KENNESAW STATE,8.0
BASKETBALL,CBB,ARKANSAS STATE,APPALACHIAN STATE,n/a,-7.5,7.5,10.0,ARKANSAS STATE,-7.5
BASKETBALL,CBB,UTEP,JACKSONVILLE STATE,n/a,-7.0,7.0,-7.0,JACKSONVILLE STATE,7.0
BASKETBALL,CBB,UC DAVIS,HAWAII,n/a,-1.0,1.0,2.0,UC DAVIS,-1.0
BASKETBALL,CBB,EASTERN ILLINOIS,MOREHEAD STATE,n/a,4.0,-4.0,-7.0,MOREHEAD STATE,-4.0
BASKETBALL,CBB,IDAHO,NORTHERN COLORADO,n/a,4.0,-4.0,1.0,IDAHO,4.0
BASKETBALL,CBB,EASTERN WASHINGTON,NORTHERN ARIZONA,n/a,-2.5,2.5,-9.0,NORTHERN ARIZONA,2.5
BASKETBALL,CBB,OREGON STATE,PEPPERDINE,n/a,-13.0,13.0,20.0,OREGON STATE,-13.0
BASKETBALL,CBB,UC SAN DIEGO,UC SANTA BARBARA,n/a,-10.0,10.0,14.0,UC SAN DIEGO,-10.0
BASKETBALL,CBB,CSUN,LONG BEACH STATE,n/a,-13.5,13.5,10.0,LONG BEACH STATE,13.5
BASKETBALL,CBB,UC RIVERSIDE,UC IRVINE,n/a,7.5,-7.5,4.0,UC RIVERSIDE,7.5
BASKETBALL,CBB,PACIFIC,LOYOLA MARYMOUNT,n/a,6.5,-6.5,-5.0,PACIFIC,6.5
BASKETBALL,CBB,CAL STATE FULLERTON,CSU BAKERSFIELD,n/a,4.5,-4.5,-3.0,CAL STATE FULLERTON,4.5
BASKETBALL,CBB,PORTLAND STATE,WEBER STATE,n/a,-3.5,3.5,18.0,PORTLAND STATE,-3.5
BASKETBALL,CBB,SACRAMENTO STATE,IDAHO STATE,n/a,5.5,-5.5,4.0,SACRAMENTO STATE,5.5
BASKETBALL,CBB,PORTLAND,SAN DIEGO,n/a,-3.0,3.0,10.0,PORTLAND,-3.0
BASKETBALL,CBB,SANTA CLARA,WASHINGTON STATE,n/a,-5.0,5.0,28.0,SANTA CLARA,-5.0
BASKETBALL,CBB,CALIFORNIA BAPTIST,UTAH VALLEY,n/a,-3.0,3.0,-5.0,UTAH VALLEY,3.0
BASKETBALL,NBA,BKN NETS,PHO SUNS,n/a,13.0,-13.0,-24.0,PHO SUNS,-13.0
BASKETBALL,NBA,DAL MAVERICKS,MIN TIMBERWOLVES,n/a,3.5,-3.5,-1.0,DAL MAVERICKS,3.5
BASKETBALL,NBA,ATL HAWKS,DET PISTONS,n/a,-3.0,3.0,-10.0,DET PISTONS,3.0
BASKETBALL,NBA,OKC THUNDER,UTA JAZZ,n/a,-16.5,16.5,9.0,UTA JAZZ,16.5
BASKETBALL,NBA,HOU ROCKETS,CLE CAVALIERS,n/a,2.0,-2.0,1.0,HOU ROCKETS,2.0
BASKETBALL,NBA,MEM GRIZZLIES,CHA HORNETS,n/a,-12.0,12.0,12.0,BOTH,""
BASKETBALL,NBA,SAC KINGS,GS WARRIORS,n/a,-7.5,7.5,6.0,GS WARRIORS,7.5
BASKETBALL,NBA,LA CLIPPERS,BOS CELTICS,n/a,11.0,-11.0,-4.0,LA CLIPPERS,11.0
BASKETBALL,CBB,HOUSTON,UTAH,n/a,-18.0,18.0,34.0,HOUSTON,-18.0
BASKETBALL,CBB,VMI,FURMAN,n/a,9.0,-9.0,9.0,VMI,9.0
BASKETBALL,CBB,YOUNGSTOWN STATE,ROBERT MORRIS,n/a,-3.0,3.0,-2.0,ROBERT MORRIS,3.0
BASKETBALL,CBB,TCU,KANSAS,n/a,6.5,-6.5,-13.0,KANSAS,-6.5
BASKETBALL,CBB,NORTHWESTERN,INDIANA,n/a,-6.0,6.0,9.0,NORTHWESTERN,-6.0
BASKETBALL,CBB,SOUTH CAROLINA,FLORIDA,n/a,11.5,-11.5,-1.0,SOUTH CAROLINA,11.5
BASKETBALL,CBB,GEORGIA TECH,VIRGINIA TECH,n/a,-5.5,5.5,7.0,GEORGIA TECH,-5.5
BASKETBALL,CBB,UNC GREENSBORO,MERCER,n/a,-8.5,8.5,-1.0,MERCER,8.5
BASKETBALL,CBB,WOFFORD,THE CITADEL,n/a,-15.5,15.5,11.0,THE CITADEL,15.5
BASKETBALL,CBB,OLD DOMINION,JAMES MADISON,n/a,4.5,-4.5,-14.0,JAMES MADISON,-4.5
BASKETBALL,CBB,USC UPSTATE,HIGH POINT,n/a,15.0,-15.0,-9.0,USC UPSTATE,15.0
BASKETBALL,CBB,CLEVELAND STATE,DETROIT MERCY,n/a,-14.5,14.5,15.0,CLEVELAND STATE,-14.5
BASKETBALL,CBB,UMASS,GEORGE WASHINGTON,n/a,-1.5,1.5,13.0,UMASS,-1.5
BASKETBALL,CBB,ETSU,WESTERN CAROLINA,n/a,-14.5,14.5,27.0,ETSU,-14.5
BASKETBALL,CBB,CHARLOTTE,SOUTH FLORIDA,n/a,2.5,-2.5,8.0,CHARLOTTE,2.5
BASKETBALL,CBB,OAKLAND,PURDUE FORT WAYNE,n/a,-1.0,1.0,4.0,OAKLAND,-1.0
BASKETBALL,CBB,WRIGHT STATE,MILWAUKEE,n/a,-2.5,2.5,-16.0,MILWAUKEE,2.5
BASKETBALL,CBB,AMERICAN,LEHIGH,n/a,-6.5,6.5,1.0,LEHIGH,6.5
BASKETBALL,CBB,SOUTHERN ILLINOIS,MURRAY STATE,n/a,1.0,-1.0,-10.0,MURRAY STATE,-1.0
BASKETBALL,CBB,RADFORD,LONGWOOD,n/a,-3.0,3.0,-3.0,LONGWOOD,3.0
BASKETBALL,CBB,GREEN BAY,IU INDIANAPOLIS,n/a,2.0,-2.0,-9.0,IU INDIANAPOLIS,-2.0
BASKETBALL,CBB,LOYOLA MARYLAND,LAFAYETTE,n/a,-1.5,1.5,-11.0,LAFAYETTE,1.5
BASKETBALL,CBB,NAVY,BOSTON UNIVERSITY,n/a,-1.5,1.5,15.0,NAVY,-1.5
BASKETBALL,CBB,GARDNER-WEBB,UNC ASHEVILLE,n/a,-2.0,2.0,-8.0,UNC ASHEVILLE,2.0
BASKETBALL,CBB,DRAKE,VALPARAISO,n/a,-14.0,14.0,10.0,VALPARAISO,14.0
BASKETBALL,CBB,PRESBYTERIAN,CHARLESTON SOUTHERN,n/a,-2.5,2.5,10.0,PRESBYTERIAN,-2.5
BASKETBALL,CBB,NORTH TEXAS,TEMPLE,n/a,-9.5,9.5,9.0,TEMPLE,9.5
BASKETBALL,CBB,SAINT LOUIS,LA SALLE,n/a,-10.5,10.5,12.0,SAINT LOUIS,-10.5
BASKETBALL,CBB,COLORADO STATE,BOISE STATE,n/a,-1.0,1.0,3.0,COLORADO STATE,-1.0
BASKETBALL,CBB,EVANSVILLE,ILLINOIS CHICAGO,n/a,5.0,-5.0,-11.0,ILLINOIS CHICAGO,-5.0
BASKETBALL,CBB,OLE MISS,TEXAS A&M,n/a,-3.0,3.0,-1.0,TEXAS A&M,3.0
BASKETBALL,CBB,NEBRASKA,USC,n/a,-6.0,6.0,-5.0,USC,6.0
BASKETBALL,CBB,BAYLOR,KANSAS STATE,n/a,-12.5,12.5,8.0,KANSAS STATE,12.5
BASKETBALL,CBB,ARKANSAS,GEORGIA,n/a,-1.0,1.0,3.0,ARKANSAS,-1.0
BASKETBALL,CBB,UTAH STATE,NEVADA,n/a,-7.0,7.0,21.0,UTAH STATE,-7.0
BASKETBALL,CBB,CALIFORNIA,FLORIDA STATE,n/a,2.0,-2.0,9.0,CALIFORNIA,2.0
BASKETBALL,CBB,AIR FORCE,SAN DIEGO STATE,n/a,13.5,-13.5,-1.0,AIR FORCE,13.5
BASKETBALL,CBB,STANFORD,MIAMI FL,n/a,-11.0,11.0,37.0,STANFORD,-11.0
BASKETBALL,NBA,DEN NUGGETS,PHI 76ERS,n/a,-12.5,12.5,35.0,DEN NUGGETS,-12.5
BASKETBALL,NBA,LA LAKERS,WAS WIZARDS,n/a,-13.5,13.5,23.0,LA LAKERS,-13.5
BASKETBALL,CBB,TEXAS,MISSOURI,n/a,-3.0,3.0,8.0,TEXAS,-3.0
BASKETBALL,CBB,SMU,LOUISVILLE,n/a,-2.0,2.0,-25.0,LOUISVILLE,2.0
BASKETBALL,CBB,WEST VIRGINIA,ARIZONA STATE,n/a,-9.0,9.0,-8.0,ARIZONA STATE,9.0
BASKETBALL,CBB,IOWA,MINNESOTA,n/a,-8.5,8.5,-5.0,MINNESOTA,8.5
BASKETBALL,CBB,WAKE FOREST,NORTH CAROLINA,n/a,-1.0,1.0,1.0,BOTH,""
BASKETBALL,CBB,DEPAUL,CREIGHTON,n/a,7.5,-7.5,-24.0,CREIGHTON,-7.5
BASKETBALL,CBB,OKLAHOMA STATE,ARIZONA,n/a,8.5,-8.5,-14.0,ARIZONA,-8.5
BASKETBALL,CBB,UCLA,WISCONSIN,n/a,-4.0,4.0,2.0,WISCONSIN,4.0
BASKETBALL,CBB,OREGON,WASHINGTON,n/a,-12.5,12.5,11.0,WASHINGTON,12.5
BASKETBALL,CBB,UNLV,WYOMING,n/a,-8.5,8.5,-2.0,WYOMING,8.5
BASKETBALL,NBA,CHA HORNETS,DAL MAVERICKS,n/a,6.5,-6.5,5.0,CHA HORNETS,6.5
BASKETBALL,NBA,HOU ROCKETS,DET PISTONS,n/a,-7.5,7.5,-11.0,DET PISTONS,7.5
BASKETBALL,NBA,MEM GRIZZLIES,MIN TIMBERWOLVES,n/a,-6.0,6.0,2.0,MIN TIMBERWOLVES,6.0
BASKETBALL,NBA,NY KNICKS,ATL HAWKS,n/a,-7.0,7.0,9.0,NY KNICKS,-7.0
BASKETBALL,NBA,CLE CAVALIERS,PHO SUNS,n/a,-8.0,8.0,26.0,CLE CAVALIERS,-8.0
BASKETBALL,NBA,GS WARRIORS,BOS CELTICS,n/a,10.0,-10.0,-40.0,BOS CELTICS,-10.0
BASKETBALL,NBA,NO PELICANS,UTA JAZZ,n/a,-10.0,10.0,4.0,UTA JAZZ,10.0
BASKETBALL,NBA,LA CLIPPERS,CHI BULLS,n/a,-6.5,6.5,-13.0,CHI BULLS,6.5
FOOTBALL,CFB,NOTRE DAME,OHIO STATE,NATIONAL CHAMPIONSHIP,8.5,-8.5,-11.0,OHIO STATE,-8.5
BASKETBALL,CBB,UNC WILMINGTON,WILLIAM & MARY,n/a,-7.0,7.0,11.0,UNC WILMINGTON,-7.0
BASKETBALL,CBB,YALE,DARTMOUTH,n/a,-17.0,17.0,16.0,DARTMOUTH,17.0
BASKETBALL,CBB,HARVARD,PENNSYLVANIA,n/a,-7.5,7.5,-15.0,PENNSYLVANIA,7.5
BASKETBALL,CBB,NORTHWESTERN STATE,NEW ORLEANS,n/a,-9.0,9.0,12.0,NORTHWESTERN STATE,-9.0
BASKETBALL,CBB,EAST TEXAS A&M,SE LOUISIANA,n/a,5.5,-5.5,-8.0,SE LOUISIANA,-5.5
BASKETBALL,CBB,NICHOLLS STATE,LAMAR,n/a,-4.5,4.5,-4.0,LAMAR,4.5
BASKETBALL,CBB,PRAIRIE VIEW,ALCORN,n/a,-4.0,4.0,-8.0,ALCORN,4.0
BASKETBALL,CBB,MCNEESE,STEPHEN F. AUSTIN,n/a,-14.5,14.5,20.0,MCNEESE,-14.5
BASKETBALL,CBB,TEXAS SOUTHERN,JACKSON STATE,n/a,-4.5,4.5,8.0,TEXAS SOUTHERN,-4.5
BASKETBALL,CBB,NEW MEXICO,FRESNO STATE,n/a,-21.5,21.5,28.0,NEW MEXICO,-21.5
BASKETBALL,CBB,INCARNATE WORD,UT RIO GRANDE VALLEY,n/a,-3.0,3.0,-7.0,UT RIO GRANDE VALLEY,3.0
BASKETBALL,CBB,VILLANOVA,GEORGETOWN,n/a,-9.0,9.0,-1.0,GEORGETOWN,9.0
BASKETBALL,CBB,PENN STATE,RUTGERS,n/a,-7.0,7.0,8.0,PENN STATE,-7.0
BASKETBALL,CBB,FLORIDA A&M,MISSISSIPPI VALLEY,n/a,-14.5,14.5,30.0,FLORIDA A&M,-14.5
BASKETBALL,CBB,BETHUNE-COOKMAN,ARKANSAS-PINE BLUFF,n/a,-12.0,12.0,9.0,ARKANSAS-PINE BLUFF,12.0
BASKETBALL,CBB,HOUSTON CHRISTIAN,A&M-CORPUS CHRISTI,n/a,6.0,-6.0,4.0,HOUSTON CHRISTIAN,6.0
BASKETBALL,CBB,CHICAGO STATE,FAIRLEIGH DICKINSON,n/a,3.0,-3.0,-10.0,FAIRLEIGH DICKINSON,-3.0
BASKETBALL,CBB,MONTANA STATE,EASTERN WASHINGTON,n/a,-5.5,5.5,10.0,MONTANA STATE,-5.5
BASKETBALL,CBB,MONTANA,IDAHO,n/a,-5.0,5.0,5.0,BOTH,""
BASKETBALL,CBB,NORTH CAROLINA A&T,HAMPTON,n/a,2.0,-2.0,-1.0,NORTH CAROLINA A&T,2.0
BASKETBALL,NBA,MIA HEAT,SA SPURS,n/a,-3.0,3.0,21.0,MIA HEAT,-3.0
BASKETBALL,NBA,ORL MAGIC,DEN NUGGETS,n/a,7.5,-7.5,-13.0,DEN NUGGETS,-7.5
BASKETBALL,NBA,OKC THUNDER,BKN NETS,n/a,-17.0,17.0,26.0,OKC THUNDER,-17.0
BASKETBALL,NBA,MIL BUCKS,PHI 76ERS,n/a,-11.5,11.5,14.0,MIL BUCKS,-11.5
BASKETBALL,NBA,LA CLIPPERS,LA LAKERS,n/a,-4.0,4.0,14.0,LA CLIPPERS,-4.0
BASKETBALL,NBA,SAC KINGS,WAS WIZARDS,n/a,-17.0,17.0,23.0,SAC KINGS,-17.0
BASKETBALL,NBA,POR TRAIL BLAZERS,CHI BULLS,n/a,6.0,-6.0,11.0,POR TRAIL BLAZERS,6.0
FOOTBALL,NFL,KC CHIEFS,HOU TEXANS,PLAYOFFS,-8.5,8.5,9.0,KC CHIEFS,-8.5
FOOTBALL,NFL,DET LIONS,WAS COMMANDERS,PLAYOFFS,-8.5,8.5,-14.0,WAS COMMANDERS,8.5
FOOTBALL,NFL,PHI EAGLES,LA RAMS,PLAYOFFS,-6.5,6.5,6.0,LA RAMS,6.5
FOOTBALL,NFL,BUF BILLS,BAL RAVENS,PLAYOFFS,1.5,-1.5,2.0,BUF BILLS,1.5
BASKETBALL,NBA,DET PISTONS,PHO SUNS,n/a,1.0,-1.0,-4.0,PHO SUNS,-1.0
BASKETBALL,NBA,IND PACERS,PHI 76ERS,n/a,-9.5,9.5,13.0,IND PACERS,-9.5
BASKETBALL,NBA,BOS CELTICS,ATL HAWKS,n/a,-10.0,10.0,-4.0,ATL HAWKS,10.0
BASKETBALL,NBA,GS WARRIORS,WAS WIZARDS,n/a,-13.5,13.5,8.0,WAS WIZARDS,13.5
BASKETBALL,NBA,MIN TIMBERWOLVES,CLE CAVALIERS,n/a,6.0,-6.0,-7.0,CLE CAVALIERS,-6.0
BASKETBALL,NBA,POR TRAIL BLAZERS,HOU ROCKETS,n/a,11.5,-11.5,-22.0,HOU ROCKETS,-11.5
BASKETBALL,NBA,BOS CELTICS,ORL MAGIC,n/a,-14.5,14.5,27.0,BOS CELTICS,-14.5
BASKETBALL,NBA,NY KNICKS,MIN TIMBERWOLVES,n/a,-5.0,5.0,-17.0,MIN TIMBERWOLVES,5.0
BASKETBALL,NBA,MIL BUCKS,TOR RAPTORS,n/a,-11.0,11.0,18.0,MIL BUCKS,-11.0
BASKETBALL,NBA,CHI BULLS,CHA HORNETS,n/a,-4.5,4.5,-2.0,CHA HORNETS,4.5
BASKETBALL,NBA,MIA HEAT,DEN NUGGETS,n/a,-1.0,1.0,-20.0,DEN NUGGETS,1.0
BASKETBALL,NBA,NO PELICANS,UTA JAZZ,n/a,-11.5,11.5,13.0,NO PELICANS,-11.5
BASKETBALL,NBA,DAL MAVERICKS,OKC THUNDER,n/a,8.5,-8.5,8.0,DAL MAVERICKS,8.5
BASKETBALL,NBA,SA SPURS,MEM GRIZZLIES,n/a,2.5,-2.5,-28.0,MEM GRIZZLIES,-2.5
BASKETBALL,NBA,LA LAKERS,BKN NETS,n/a,-11.0,11.0,1.0,BKN NETS,11.0
BASKETBALL,CBB,AKRON,OHIO,n/a,-2.0,2.0,12.0,AKRON,-2.0
BASKETBALL,CBB,VILLANOVA,PROVIDENCE,n/a,-8.5,8.5,2.0,PROVIDENCE,8.5
BASKETBALL,CBB,SAINT JOSEPHS,VCU,n/a,2.0,-2.0,-9.0,VCU,-2.0
BASKETBALL,CBB,GREEN BAY,ROBERT MORRIS,n/a,5.0,-5.0,-22.0,ROBERT MORRIS,-5.0
BASKETBALL,CBB,GEORGETOWN,DEPAUL,n/a,-9.5,9.5,-5.0,DEPAUL,9.5
BASKETBALL,CBB,OHIO STATE,INDIANA,n/a,-7.0,7.0,-1.0,INDIANA,7.0
BASKETBALL,CBB,MILWAUKEE,YOUNGSTOWN STATE,n/a,-4.5,4.5,15.0,MILWAUKEE,-4.5
BASKETBALL,CBB,UCLA,IOWA,n/a,-7.0,7.0,24.0,UCLA,-7.0
BASKETBALL,CBB,FRESNO STATE,AIR FORCE,n/a,-5.5,5.5,9.0,FRESNO STATE,-5.5
BASKETBALL,CBB,NEW MEXICO,BOISE STATE,n/a,-3.5,3.5,19.0,NEW MEXICO,-3.5
BASKETBALL,NBA,DET PISTONS,IND PACERS,n/a,-1.5,1.5,-11.0,IND PACERS,1.5
BASKETBALL,NBA,WAS WIZARDS,PHO SUNS,n/a,11.5,-11.5,-7.0,WAS WIZARDS,11.5
BASKETBALL,NBA,OKC THUNDER,CLE CAVALIERS,n/a,-2.0,2.0,20.0,OKC THUNDER,-2.0
BASKETBALL,NBA,SAC KINGS,HOU ROCKETS,n/a,-4.5,4.5,5.0,SAC KINGS,-4.5
BASKETBALL,NBA,POR TRAIL BLAZERS,LA CLIPPERS,n/a,7.0,-7.0,-29.0,LA CLIPPERS,-7.0
BASKETBALL,CBB,UMBC,NEW HAMPSHIRE,n/a,-13.5,13.5,-3.0,NEW HAMPSHIRE,13.5
BASKETBALL,CBB,FLORIDA GULF COAST,WEST GEORGIA,n/a,-13.5,13.5,22.0,FLORIDA GULF COAST,-13.5
BASKETBALL,CBB,BELLARMINE,LIPSCOMB,n/a,15.0,-15.0,-34.0,LIPSCOMB,-15.0
BASKETBALL,CBB,MINNESOTA,MICHIGAN,n/a,9.5,-9.5,3.0,MINNESOTA,9.5
BASKETBALL,CBB,TEMPLE,MEMPHIS,n/a,8.0,-8.0,7.0,TEMPLE,8.0
BASKETBALL,CBB,JAMES MADISON,MARSHALL,n/a,-6.5,6.5,3.0,MARSHALL,6.5
BASKETBALL,CBB,CAMPBELL,CHARLESTON,n/a,4.0,-4.0,-6.0,CHARLESTON,-4.0
BASKETBALL,CBB,RIDER,MOUNT SAINT MARYS,n/a,1.0,-1.0,6.0,RIDER,1.0
BASKETBALL,CBB,NORTH FLORIDA,CENTRAL ARKANSAS,n/a,-10.0,10.0,12.0,NORTH FLORIDA,-10.0
BASKETBALL,CBB,UNC WILMINGTON,NORTHEASTERN,n/a,-6.0,6.0,8.0,UNC WILMINGTON,-6.0
BASKETBALL,CBB,FIU,NEW MEXICO STATE,n/a,4.5,-4.5,-7.0,NEW MEXICO STATE,-4.5
BASKETBALL,CBB,QUINNIPIAC,MERRIMACK,n/a,-2.5,2.5,5.0,QUINNIPIAC,-2.5
BASKETBALL,CBB,COASTAL CAROLINA,GEORGIA SOUTHERN,n/a,-2.0,2.0,-1.0,GEORGIA SOUTHERN,2.0
BASKETBALL,CBB,DREXEL,ELON,n/a,-1.5,1.5,-11.0,ELON,1.5
BASKETBALL,CBB,OLD DOMINION,APPALACHIAN STATE,n/a,4.5,-4.5,-19.0,APPALACHIAN STATE,-4.5
BASKETBALL,CBB,JACKSONVILLE STATE,LOUISIANA TECH,n/a,3.5,-3.5,2.0,JACKSONVILLE STATE,3.5
BASKETBALL,CBB,HAMPTON,WILLIAM & MARY,n/a,3.5,-3.5,-3.0,HAMPTON,3.5
BASKETBALL,CBB,STETSON,QUEENS NC,n/a,5.5,-5.5,-35.0,QUEENS NC,-5.5
BASKETBALL,CBB,LONGWOOD,HIGH POINT,n/a,5.0,-5.0,2.0,LONGWOOD,5.0
BASKETBALL,CBB,KENNESAW STATE,SAM HOUSTON,n/a,1.0,-1.0,6.0,KENNESAW STATE,1.0
BASKETBALL,CBB,NORTH CAROLINA A&T,MONMOUTH,n/a,1.5,-1.5,-9.0,MONMOUTH,-1.5
BASKETBALL,CBB,JACKSONVILLE,NORTH ALABAMA,n/a,1.0,-1.0,4.0,JACKSONVILLE,1.0
BASKETBALL,CBB,ARKANSAS STATE,LOUISIANA,n/a,-16.5,16.5,20.0,ARKANSAS STATE,-16.5
BASKETBALL,CBB,SOUTH DAKOTA STATE,NORTH DAKOTA,n/a,-11.0,11.0,36.0,SOUTH DAKOTA STATE,-11.0
BASKETBALL,CBB,NORTH DAKOTA STATE,UMKC,n/a,-9.0,9.0,7.0,UMKC,9.0
BASKETBALL,CBB,SOUTH DAKOTA,ORAL ROBERTS,n/a,-7.5,7.5,10.0,SOUTH DAKOTA,-7.5
BASKETBALL,CBB,NORTHERN ARIZONA,SACRAMENTO STATE,n/a,-8.5,8.5,24.0,NORTHERN ARIZONA,-8.5
BASKETBALL,CBB,NORTHERN COLORADO,PORTLAND STATE,n/a,-8.5,8.5,3.0,PORTLAND STATE,8.5
BASKETBALL,CBB,UT ARLINGTON,UTAH VALLEY,n/a,1.5,-1.5,-2.0,UTAH VALLEY,-1.5
BASKETBALL,CBB,TARLETON STATE,CALIFORNIA BAPTIST,n/a,3.0,-3.0,10.0,TARLETON STATE,3.0
BASKETBALL,CBB,AUSTIN PEAY,EASTERN KENTUCKY,n/a,2.5,-2.5,7.0,AUSTIN PEAY,2.5
BASKETBALL,CBB,UT MARTIN,EASTERN ILLINOIS,n/a,-6.0,6.0,5.0,EASTERN ILLINOIS,6.0
BASKETBALL,CBB,TENNESSEE STATE,SIU EDWARDSVILLE,n/a,-2.0,2.0,-7.0,SIU EDWARDSVILLE,2.0
BASKETBALL,CBB,SOUTHERN INDIANA,LINDENWOOD,n/a,-1.0,1.0,7.0,SOUTHERN INDIANA,-1.0
BASKETBALL,CBB,TENNESSEE TECH,SE MISSOURI STATE,n/a,-2.5,2.5,-7.0,SE MISSOURI STATE,2.5
BASKETBALL,CBB,NEBRASKA,RUTGERS,n/a,-8.5,8.5,-3.0,RUTGERS,8.5
BASKETBALL,CBB,NORTHWESTERN,MARYLAND,n/a,1.5,-1.5,2.0,NORTHWESTERN,1.5
BASKETBALL,CBB,LIBERTY,UTEP,n/a,-8.0,8.0,-2.0,UTEP,8.0
BASKETBALL,CBB,GRAND CANYON,ABILENE CHRISTIAN,n/a,-14.0,14.0,30.0,GRAND CANYON,-14.0
BASKETBALL,CBB,IDAHO STATE,MONTANA STATE,n/a,-1.5,1.5,3.0,IDAHO STATE,-1.5
BASKETBALL,CBB,WEBER STATE,MONTANA,n/a,-1.5,1.5,-4.0,MONTANA,1.5
BASKETBALL,CBB,SAN DIEGO,WASHINGTON STATE,n/a,12.5,-12.5,-4.0,SAN DIEGO,12.5
BASKETBALL,CBB,PEPPERDINE,SAN FRANCISCO,n/a,6.0,-6.0,-17.0,SAN FRANCISCO,-6.0
BASKETBALL,CBB,UC IRVINE,CAL STATE FULLERTON,n/a,-19.5,19.5,20.0,UC IRVINE,-19.5
BASKETBALL,CBB,SEATTLE,UTAH TECH,n/a,-12.0,12.0,20.0,SEATTLE,-12.0
BASKETBALL,CBB,LONG BEACH STATE,UC SAN DIEGO,n/a,15.0,-15.0,-26.0,UC SAN DIEGO,-15.0
BASKETBALL,CBB,LOYOLA MARYMOUNT,SANTA CLARA,n/a,4.5,-4.5,3.0,LOYOLA MARYMOUNT,4.5
BASKETBALL,CBB,UC SANTA BARBARA,UC RIVERSIDE,n/a,-5.5,5.5,3.0,UC RIVERSIDE,5.5
BASKETBALL,CBB,CAL POLY,UC DAVIS,n/a,-4.0,4.0,-11.0,UC DAVIS,4.0
BASKETBALL,CBB,PORTLAND,PACIFIC,n/a,-2.0,2.0,3.0,PORTLAND,-2.0
BASKETBALL,CBB,OREGON STATE,GONZAGA,n/a,9.5,-9.5,8.0,OREGON STATE,9.5
BASKETBALL,CBB,HAWAII,CSUN,n/a,-3.5,3.5,-23.0,CSUN,3.5
BASKETBALL,NBA,PHI 76ERS,NY KNICKS,n/a,6.0,-6.0,-6.0,BOTH,""
BASKETBALL,NBA,TOR RAPTORS,BOS CELTICS,n/a,14.5,-14.5,13.0,TOR RAPTORS,14.5
BASKETBALL,NBA,MIL BUCKS,ORL MAGIC,n/a,-6.0,6.0,29.0,MIL BUCKS,-6.0
BASKETBALL,NBA,SA SPURS,MEM GRIZZLIES,n/a,2.5,-2.5,-14.0,MEM GRIZZLIES,-2.5
BASKETBALL,NBA,CHI BULLS,ATL HAWKS,n/a,-2.0,2.0,-16.0,ATL HAWKS,2.0
BASKETBALL,NBA,NO PELICANS,DAL MAVERICKS,n/a,2.5,-2.5,3.0,NO PELICANS,2.5
BASKETBALL,NBA,DEN NUGGETS,HOU ROCKETS,n/a,-1.0,1.0,-20.0,HOU ROCKETS,1.0
BASKETBALL,NBA,UTA JAZZ,CHA HORNETS,n/a,5.0,-5.0,-5.0,BOTH,""
BASKETBALL,NBA,MIN TIMBERWOLVES,GS WARRIORS,n/a,-6.0,6.0,-1.0,GS WARRIORS,6.0
BASKETBALL,NBA,LA LAKERS,MIA HEAT,n/a,-5.0,5.0,9.0,LA LAKERS,-5.0
BASKETBALL,NBA,LA CLIPPERS,BKN NETS,n/a,-14.0,14.0,59.0,LA CLIPPERS,-14.0
BASKETBALL,CBB,VANDERBILT,SOUTH CAROLINA,n/a,-9.5,9.5,3.0,SOUTH CAROLINA,9.5
BASKETBALL,CBB,BOSTON UNIVERSITY,LEHIGH,n/a,-4.0,4.0,5.0,BOSTON UNIVERSITY,-4.0
BASKETBALL,CBB,VMI,WESTERN CAROLINA,n/a,-2.5,2.5,16.0,VMI,-2.5
BASKETBALL,CBB,WAKE FOREST,STANFORD,n/a,-7.0,7.0,13.0,WAKE FOREST,-7.0
BASKETBALL,CBB,WINTHROP,CHARLESTON SOUTHERN,n/a,-10.5,10.5,5.0,CHARLESTON SOUTHERN,10.5
BASKETBALL,CBB,LA SALLE,DAVIDSON,n/a,2.0,-2.0,3.0,LA SALLE,2.0
BASKETBALL,CBB,UNC ASHEVILLE,USC UPSTATE,n/a,-11.5,11.5,1.0,USC UPSTATE,11.5
BASKETBALL,CBB,IOWA STATE,KANSAS,n/a,-5.5,5.5,17.0,IOWA STATE,-5.5
BASKETBALL,CBB,NORTH CAROLINA,CALIFORNIA,n/a,-14.5,14.5,26.0,NORTH CAROLINA,-14.5
BASKETBALL,CBB,DAYTON,GEORGE MASON,n/a,-8.0,8.0,-8.0,GEORGE MASON,8.0
BASKETBALL,CBB,BUTLER,SETON HALL,n/a,-7.5,7.5,5.0,SETON HALL,7.5
BASKETBALL,CBB,OAKLAND,IU INDIANAPOLIS,n/a,-8.5,8.5,13.0,OAKLAND,-8.5
BASKETBALL,CBB,VIRGINIA TECH,NC STATE,n/a,1.0,-1.0,3.0,VIRGINIA TECH,1.0
BASKETBALL,CBB,MERCER,SAMFORD,n/a,5.5,-5.5,-1.0,MERCER,5.5
BASKETBALL,CBB,GEORGE WASHINGTON,DUQUESNE,n/a,-3.5,3.5,-8.0,DUQUESNE,3.5
BASKETBALL,CBB,UNC GREENSBORO,THE CITADEL,n/a,-16.5,16.5,13.0,THE CITADEL,16.5
BASKETBALL,CBB,CLEVELAND STATE,NORTHERN KENTUCKY,n/a,-5.0,5.0,18.0,CLEVELAND STATE,-5.0
BASKETBALL,CBB,FURMAN,ETSU,n/a,-4.0,4.0,3.0,ETSU,4.0
BASKETBALL,CBB,SOUTH FLORIDA,UAB,n/a,3.0,-3.0,-9.0,UAB,-3.0
BASKETBALL,CBB,RADFORD,GARDNER-WEBB,n/a,-6.5,6.5,4.0,GARDNER-WEBB,6.5
BASKETBALL,CBB,CHATTANOOGA,WOFFORD,n/a,-3.5,3.5,2.0,WOFFORD,3.5
BASKETBALL,CBB,BUCKNELL,HOLY CROSS,n/a,-6.0,6.0,4.0,HOLY CROSS,6.0
BASKETBALL,CBB,WRIGHT STATE,PURDUE FORT WAYNE,n/a,1.0,-1.0,-7.0,PURDUE FORT WAYNE,-1.0
BASKETBALL,CBB,MISSOURI STATE,SOUTHERN ILLINOIS,n/a,-4.0,4.0,-22.0,SOUTHERN ILLINOIS,4.0
BASKETBALL,CBB,MICHIGAN STATE,PENN STATE,n/a,-11.5,11.5,5.0,PENN STATE,11.5
BASKETBALL,CBB,ULM,TROY,n/a,13.5,-13.5,-19.0,TROY,-13.5
BASKETBALL,CBB,TULANE,FLORIDA ATLANTIC,n/a,2.0,-2.0,15.0,TULANE,2.0
BASKETBALL,CBB,TENNESSEE,GEORGIA,n/a,-12.0,12.0,18.0,TENNESSEE,-12.0
BASKETBALL,CBB,HOUSTON,WEST VIRGINIA,n/a,-17.0,17.0,16.0,WEST VIRGINIA,17.0
BASKETBALL,CBB,BRADLEY,INDIANA STATE,n/a,-8.0,8.0,53.0,BRADLEY,-8.0
BASKETBALL,CBB,TEXAS STATE,GEORGIA STATE,n/a,-9.5,9.5,14.0,TEXAS STATE,-9.5
BASKETBALL,CBB,TCU,UTAH,n/a,-4.5,4.5,-8.0,UTAH,4.5
BASKETBALL,CBB,SOUTH ALABAMA,SOUTHERN MISS,n/a,-12.0,12.0,13.0,SOUTH ALABAMA,-12.0
BASKETBALL,CBB,ILLINOIS CHICAGO,MURRAY STATE,n/a,-2.5,2.5,4.0,ILLINOIS CHICAGO,-2.5
BASKETBALL,CBB,DRAKE,ILLINOIS STATE,n/a,-10.5,10.5,4.0,ILLINOIS STATE,10.5
BASKETBALL,CBB,VIRGINIA,SMU,n/a,6.0,-6.0,-2.0,VIRGINIA,6.0
BASKETBALL,CBB,FLORIDA STATE,PITTSBURGH,n/a,2.5,-2.5,12.0,FLORIDA STATE,2.5
BASKETBALL,CBB,COLORADO,CINCINNATI,n/a,3.5,-3.5,-6.0,CINCINNATI,-3.5
BASKETBALL,CBB,LOYOLA CHICAGO,RHODE ISLAND,n/a,-3.5,3.5,4.0,LOYOLA CHICAGO,-3.5
BASKETBALL,CBB,DENVER,OMAHA,n/a,4.5,-4.5,-18.0,OMAHA,-4.5
BASKETBALL,CBB,WASHINGTON,PURDUE,n/a,7.5,-7.5,-11.0,PURDUE,-7.5
BASKETBALL,CBB,OKLAHOMA,TEXAS,n/a,-2.5,2.5,-4.0,TEXAS,2.5
BASKETBALL,CBB,UNLV,UTAH STATE,n/a,5.5,-5.5,3.0,UNLV,5.5
BASKETBALL,NBA,IND PACERS,CLE CAVALIERS,n/a,"","",-10.0,UNKNOWN,""
BASKETBALL,NBA,PHI 76ERS,OKC THUNDER,n/a,"","",-16.0,UNKNOWN,""
BASKETBALL,NBA,ATL HAWKS,PHO SUNS,n/a,"","",5.0,UNKNOWN,""
BASKETBALL,NBA,MIL BUCKS,SAC KINGS,n/a,"","",15.0,UNKNOWN,""
BASKETBALL,NBA,CHI BULLS,NO PELICANS,n/a,"","",-6.0,UNKNOWN,""
BASKETBALL,NBA,DAL MAVERICKS,DEN NUGGETS,n/a,"","",-19.0,UNKNOWN,""
BASKETBALL,NBA,POR TRAIL BLAZERS,BKN NETS,n/a,"","",-18.0,UNKNOWN,""
BASKETBALL,CBB,XAVIER,VILLANOVA,n/a,-2.5,2.5,6.0,XAVIER,-2.5
BASKETBALL,CBB,KENTUCKY,TEXAS A&M,n/a,-6.5,6.5,12.0,KENTUCKY,-6.5
BASKETBALL,CBB,AUBURN,MISSISSIPPI STATE,n/a,-7.5,7.5,22.0,AUBURN,-7.5
BASKETBALL,CBB,ALABAMA,OLE MISS,n/a,-12.0,12.0,-10.0,OLE MISS,12.0
BASKETBALL,CBB,DEPAUL,MARQUETTE,n/a,13.5,-13.5,-2.0,DEPAUL,13.5
BASKETBALL,CBB,INDIANA,ILLINOIS,n/a,3.5,-3.5,-25.0,ILLINOIS,-3.5
BASKETBALL,CBB,OHIO,BALL STATE,n/a,-10.0,10.0,15.0,OHIO,-10.0
BASKETBALL,CBB,VCU,SAINT LOUIS,n/a,-10.0,10.0,16.0,VCU,-10.0
BASKETBALL,CBB,KENT STATE,WESTERN MICHIGAN,n/a,-13.0,13.0,-11.0,WESTERN MICHIGAN,13.0
BASKETBALL,CBB,AKRON,TOLEDO,n/a,-6.0,6.0,7.0,AKRON,-6.0
BASKETBALL,CBB,NORTHERN ILLINOIS,MIAMI OH,n/a,12.5,-12.5,-15.0,MIAMI OH,-12.5
BASKETBALL,CBB,EAST CAROLINA,NORTH TEXAS,n/a,3.0,-3.0,-9.0,NORTH TEXAS,-3.0
BASKETBALL,CBB,CENTRAL MICHIGAN,EASTERN MICHIGAN,n/a,-7.0,7.0,19.0,CENTRAL MICHIGAN,-7.0
BASKETBALL,CBB,WICHITA STATE,CHARLOTTE,n/a,-10.0,10.0,9.0,CHARLOTTE,10.0
BASKETBALL,CBB,BELMONT,VALPARAISO,n/a,-6.0,6.0,7.0,BELMONT,-6.0
BASKETBALL,CBB,NORTHERN IOWA,EVANSVILLE,n/a,-13.5,13.5,17.0,NORTHERN IOWA,-13.5
BASKETBALL,CBB,RICE,UTSA,n/a,-4.0,4.0,-6.0,UTSA,4.0
BASKETBALL,CBB,CREIGHTON,PROVIDENCE,n/a,-9.0,9.0,20.0,CREIGHTON,-9.0
BASKETBALL,CBB,SE MISSOURI STATE,LITTLE ROCK,n/a,-1.5,1.5,-2.0,LITTLE ROCK,1.5
BASKETBALL,CBB,FLORIDA,MISSOURI,n/a,-10.0,10.0,-1.0,MISSOURI,10.0
BASKETBALL,CBB,DUKE,MIAMI FL,n/a,-24.0,24.0,35.0,DUKE,-24.0
BASKETBALL,CBB,WISCONSIN,OHIO STATE,n/a,-7.0,7.0,2.0,OHIO STATE,7.0
BASKETBALL,CBB,GEORGIA TECH,CLEMSON,n/a,5.0,-5.0,-11.0,CLEMSON,-5.0
BASKETBALL,CBB,BOISE STATE,WYOMING,n/a,-13.5,13.5,41.0,BOISE STATE,-13.5
BASKETBALL,CBB,KANSAS STATE,TEXAS TECH,n/a,7.0,-7.0,-4.0,KANSAS STATE,7.0
BASKETBALL,CBB,BYU,OKLAHOMA STATE,n/a,-15.0,15.0,16.0,BYU,-15.0
BASKETBALL,CBB,LSU,ARKANSAS,n/a,1.5,-1.5,4.0,LSU,1.5
BASKETBALL,CBB,NEVADA,AIR FORCE,n/a,-19.0,19.0,6.0,AIR FORCE,19.0
BASKETBALL,CBB,SAN JOSE STATE,NEW MEXICO,n/a,10.0,-10.0,1.0,SAN JOSE STATE,10.0
BASKETBALL,CBB,USC,IOWA,n/a,-2.5,2.5,10.0,USC,-2.5
BASKETBALL,CBB,ARIZONA STATE,UCF,n/a,-3.0,3.0,-6.0,UCF,3.0
BASKETBALL,CBB,ARIZONA,BAYLOR,n/a,-5.0,5.0,11.0,ARIZONA,-5.0
BASKETBALL,CBB,SAN DIEGO STATE,COLORADO STATE,n/a,-6.5,6.5,15.0,SAN DIEGO STATE,-6.5
FOOTBALL,NFL,HOU TEXANS,LA CHARGERS,PLAYOFFS,3.0,-3.0,20.0,HOU TEXANS,3.0
FOOTBALL,NFL,BAL RAVENS,PIT STEELERS,PLAYOFFS,-9.5,9.5,14.0,BAL RAVENS,-9.5
FOOTBALL,NFL,BUF BILLS,DEN BRONCOS,PLAYOFFS,-8.5,8.5,24.0,BUF BILLS,-8.5
FOOTBALL,NFL,PHI EAGLES,GB PACKERS,PLAYOFFS,-5.5,5.5,12.0,PHI EAGLES,-5.5
FOOTBALL,NFL,TB BUCCANEERS,WAS COMMANDERS,PLAYOFFS,-3.0,3.0,-3.0,WAS COMMANDERS,3.0
FOOTBALL,NFL,LA RAMS,MIN VIKINGS,PLAYOFFS,2.5,-2.5,18.0,LA RAMS,2.5
BASKETBALL,NBA,WAS WIZARDS,MIN TIMBERWOLVES,n/a,13.5,-13.5,-14.0,MIN TIMBERWOLVES,-13.5
BASKETBALL,NBA,NY KNICKS,DET PISTONS,n/a,-8.0,8.0,-5.0,DET PISTONS,8.0
BASKETBALL,NBA,TOR RAPTORS,GS WARRIORS,n/a,6.0,-6.0,3.0,TOR RAPTORS,6.0
BASKETBALL,NBA,HOU ROCKETS,MEM GRIZZLIES,n/a,-2.0,2.0,2.0,BOTH,""
BASKETBALL,NBA,LA LAKERS,SA SPURS,n/a,-3.5,3.5,-24.0,SA SPURS,3.5
BASKETBALL,NBA,LA CLIPPERS,MIA HEAT,n/a,-6.0,6.0,11.0,LA CLIPPERS,-6.0
BASKETBALL,CBB,ARKANSAS-PINE BLUFF,PRAIRIE VIEW,n/a,4.5,-4.5,-11.0,PRAIRIE VIEW,-4.5
BASKETBALL,CBB,RUTGERS,UCLA,n/a,3.5,-3.5,7.0,RUTGERS,3.5
BASKETBALL,CBB,MARYLAND,MINNESOTA,n/a,-16.0,16.0,6.0,MINNESOTA,16.0
BASKETBALL,CBB,NOTRE DAME,BOSTON COLLEGE,n/a,-11.0,11.0,18.0,NOTRE DAME,-11.0
BASKETBALL,CBB,FURMAN,WOFFORD,n/a,-5.5,5.5,-19.0,WOFFORD,5.5
BASKETBALL,CBB,MISSISSIPPI VALLEY,TEXAS SOUTHERN,n/a,17.0,-17.0,-29.0,TEXAS SOUTHERN,-17.0
BASKETBALL,CBB,ALCORN,ALABAMA STATE,n/a,3.5,-3.5,2.0,ALCORN,3.5
BASKETBALL,CBB,LOYOLA MARYLAND,AMERICAN,n/a,-2.0,2.0,-19.0,AMERICAN,2.0
BASKETBALL,CBB,HOWARD,COPPIN STATE,n/a,-13.0,13.0,15.0,HOWARD,-13.0
BASKETBALL,CBB,UT RIO GRANDE VALLEY,EAST TEXAS A&M,n/a,-12.0,12.0,2.0,EAST TEXAS A&M,12.0
BASKETBALL,CBB,MORGAN STATE,NORFOLK STATE,n/a,10.0,-10.0,4.0,MORGAN STATE,10.0
BASKETBALL,CBB,SOUTH CAROLINA STATE,MD EASTERN SHORE,n/a,-14.5,14.5,14.0,MD EASTERN SHORE,14.5
BASKETBALL,CBB,SOUTHERN UNIVERSITY,BETHUNE-COOKMAN,n/a,-6.0,6.0,16.0,SOUTHERN UNIVERSITY,-6.0
BASKETBALL,CBB,NC CENTRAL,DELAWARE STATE,n/a,-6.5,6.5,3.0,DELAWARE STATE,6.5
BASKETBALL,CBB,STEPHEN F. AUSTIN,SE LOUISIANA,n/a,-5.5,5.5,-7.0,SE LOUISIANA,5.5
BASKETBALL,CBB,INCARNATE WORD,NICHOLLS STATE,n/a,-1.0,1.0,-6.0,NICHOLLS STATE,1.0
BASKETBALL,CBB,HOUSTON CHRISTIAN,MCNEESE,n/a,14.5,-14.5,-16.0,MCNEESE,-14.5
BASKETBALL,CBB,LAMAR,NEW ORLEANS,n/a,-13.5,13.5,-6.0,NEW ORLEANS,13.5
BASKETBALL,CBB,JACKSON STATE,ALABAMA A&M,n/a,-8.5,8.5,10.0,JACKSON STATE,-8.5
BASKETBALL,CBB,A&M-CORPUS CHRISTI,NORTHWESTERN STATE,n/a,-8.5,8.5,9.0,A&M-CORPUS CHRISTI,-8.5
BASKETBALL,CBB,ELON,CAMPBELL,n/a,-7.0,7.0,13.0,ELON,-7.0
BASKETBALL,CBB,GRAMBLING,FLORIDA A&M,n/a,-7.5,7.5,7.0,FLORIDA A&M,7.5
BASKETBALL,NBA,PHO SUNS,UTA JAZZ,n/a,-11.0,11.0,8.0,UTA JAZZ,11.0
BASKETBALL,NBA,DET PISTONS,TOR RAPTORS,n/a,-5.0,5.0,9.0,DET PISTONS,-5.0
BASKETBALL,NBA,MIN TIMBERWOLVES,MEM GRIZZLIES,n/a,-1.5,1.5,-2.0,MEM GRIZZLIES,1.5
BASKETBALL,NBA,POR TRAIL BLAZERS,MIA HEAT,n/a,4.5,-4.5,-21.0,MIA HEAT,-4.5
BASKETBALL,NBA,ORL MAGIC,MIL BUCKS,n/a,6.5,-6.5,-3.0,ORL MAGIC,6.5
BASKETBALL,NBA,PHI 76ERS,NO PELICANS,n/a,-5.5,5.5,-8.0,NO PELICANS,5.5
BASKETBALL,NBA,IND PACERS,GS WARRIORS,n/a,-8.0,8.0,12.0,IND PACERS,-8.0
BASKETBALL,NBA,NY KNICKS,OKC THUNDER,n/a,4.5,-4.5,-25.0,OKC THUNDER,-4.5
BASKETBALL,NBA,BOS CELTICS,SAC KINGS,n/a,-10.5,10.5,-17.0,SAC KINGS,10.5
BASKETBALL,NBA,CHI BULLS,WAS WIZARDS,n/a,-11.5,11.5,33.0,CHI BULLS,-11.5
BASKETBALL,NBA,DEN NUGGETS,BKN NETS,n/a,-15.0,15.0,19.0,DEN NUGGETS,-15.0
FOOTBALL,CFB,TEXAS,OHIO STATE,n/a,6.0,-6.0,-14.0,OHIO STATE,-6.0
BASKETBALL,CBB,WISCONSIN,MINNESOTA,n/a,-13.0,13.0,21.0,WISCONSIN,-13.0
BASKETBALL,CBB,SAINT FRANCIS PA,MERCYHURST,n/a,-3.0,3.0,14.0,SAINT FRANCIS PA,-3.0
BASKETBALL,CBB,MARYLAND,UCLA,n/a,-4.5,4.5,18.0,MARYLAND,-4.5
BASKETBALL,CBB,TOLEDO,CENTRAL MICHIGAN,n/a,-4.5,4.5,2.0,CENTRAL MICHIGAN,4.5
BASKETBALL,NBA,ORL MAGIC,MIN TIMBERWOLVES,n/a,6.0,-6.0,-15.0,MIN TIMBERWOLVES,-6.0
BASKETBALL,NBA,DET PISTONS,GS WARRIORS,n/a,-2.5,2.5,-3.0,GS WARRIORS,2.5
BASKETBALL,NBA,CLE CAVALIERS,TOR RAPTORS,n/a,-15.5,15.5,6.0,TOR RAPTORS,15.5
BASKETBALL,NBA,MEM GRIZZLIES,HOU ROCKETS,n/a,-1.0,1.0,-4.0,HOU ROCKETS,1.0
BASKETBALL,NBA,DAL MAVERICKS,POR TRAIL BLAZERS,n/a,-8.0,8.0,6.0,POR TRAIL BLAZERS,8.0
BASKETBALL,NBA,PHO SUNS,ATL HAWKS,n/a,-6.0,6.0,8.0,PHO SUNS,-6.0
BASKETBALL,NBA,UTA JAZZ,MIA HEAT,n/a,5.5,-5.5,-5.0,UTA JAZZ,5.5
FOOTBALL,CFB,PENN STATE,NOTRE DAME,n/a,1.5,-1.5,-3.0,NOTRE DAME,-1.5
BASKETBALL,CBB,LITTLE ROCK,MOREHEAD STATE,n/a,-3.5,3.5,-6.0,MOREHEAD STATE,3.5
BASKETBALL,CBB,CHATTANOOGA,UNC GREENSBORO,n/a,-3.5,3.5,-3.0,UNC GREENSBORO,3.5
BASKETBALL,CBB,RUTGERS,PURDUE,n/a,2.0,-2.0,-18.0,PURDUE,-2.0
BASKETBALL,CBB,OHIO STATE,OREGON,n/a,-3.0,3.0,-2.0,OREGON,3.0
BASKETBALL,CBB,UMASS LOWELL,VERMONT,n/a,-5.5,5.5,-4.0,VERMONT,5.5
BASKETBALL,CBB,IU INDIANAPOLIS,DETROIT MERCY,n/a,-4.5,4.5,34.0,IU INDIANAPOLIS,-4.5
BASKETBALL,CBB,BELLARMINE,JACKSONVILLE,n/a,7.5,-7.5,-15.0,JACKSONVILLE,-7.5
BASKETBALL,CBB,TROY,TEXAS STATE,n/a,-7.0,7.0,-1.0,TEXAS STATE,7.0
BASKETBALL,CBB,MONMOUTH,UNC WILMINGTON,n/a,4.5,-4.5,-9.0,UNC WILMINGTON,-4.5
BASKETBALL,CBB,WRIGHT STATE,OAKLAND,n/a,-3.0,3.0,4.0,WRIGHT STATE,-3.0
BASKETBALL,CBB,NORTH CAROLINA A&T,DELAWARE,n/a,3.5,-3.5,-10.0,DELAWARE,-3.5
BASKETBALL,CBB,HAMPTON,CAMPBELL,n/a,-5.0,5.0,-11.0,CAMPBELL,5.0
BASKETBALL,CBB,NJIT,UMBC,n/a,8.5,-8.5,-23.0,UMBC,-8.5
BASKETBALL,CBB,TOWSON,NORTHEASTERN,n/a,-5.0,5.0,7.0,TOWSON,-5.0
BASKETBALL,CBB,MARSHALL,JAMES MADISON,n/a,-1.0,1.0,2.0,MARSHALL,-1.0
BASKETBALL,CBB,WILLIAM & MARY,ELON,n/a,-2.5,2.5,13.0,WILLIAM & MARY,-2.5
BASKETBALL,CBB,EASTERN KENTUCKY,NORTH FLORIDA,n/a,-4.5,4.5,5.0,EASTERN KENTUCKY,-4.5
BASKETBALL,CBB,FLORIDA GULF COAST,NORTH ALABAMA,n/a,-1.5,1.5,5.0,FLORIDA GULF COAST,-1.5
BASKETBALL,CBB,STETSON,CENTRAL ARKANSAS,n/a,-2.0,2.0,10.0,STETSON,-2.0
BASKETBALL,CBB,LOUISIANA TECH,FIU,n/a,-7.5,7.5,17.0,LOUISIANA TECH,-7.5
BASKETBALL,CBB,MIDDLE TENNESSEE,KENNESAW STATE,n/a,-9.0,9.0,5.0,KENNESAW STATE,9.0
BASKETBALL,CBB,MICHIGAN STATE,WASHINGTON,n/a,-13.5,13.5,34.0,MICHIGAN STATE,-13.5
BASKETBALL,CBB,ORAL ROBERTS,NORTH DAKOTA STATE,n/a,7.0,-7.0,-14.0,NORTH DAKOTA STATE,-7.0
BASKETBALL,CBB,SAMFORD,VMI,n/a,-18.0,18.0,13.0,VMI,18.0
BASKETBALL,CBB,SOUTHERN MISS,ULM,n/a,-8.5,8.5,17.0,SOUTHERN MISS,-8.5
BASKETBALL,CBB,LIPSCOMB,QUEENS NC,n/a,-14.0,14.0,-2.0,QUEENS NC,14.0
BASKETBALL,CBB,AUSTIN PEAY,WEST GEORGIA,n/a,-8.0,8.0,-4.0,WEST GEORGIA,8.0
BASKETBALL,CBB,WESTERN KENTUCKY,JACKSONVILLE STATE,n/a,-7.0,7.0,-6.0,JACKSONVILLE STATE,7.0
BASKETBALL,CBB,UTAH VALLEY,GRAND CANYON,n/a,3.0,-3.0,8.0,UTAH VALLEY,3.0
BASKETBALL,CBB,LOUISIANA,OLD DOMINION,n/a,-4.5,4.5,-11.0,OLD DOMINION,4.5
BASKETBALL,CBB,SOUTH ALABAMA,ARKANSAS STATE,n/a,-1.0,1.0,14.0,SOUTH ALABAMA,-1.0
BASKETBALL,CBB,SE MISSOURI STATE,SOUTHERN INDIANA,n/a,-7.5,7.5,11.0,SE MISSOURI STATE,-7.5
BASKETBALL,CBB,SOUTHERN UTAH,TARLETON STATE,n/a,-7.0,7.0,-8.0,TARLETON STATE,7.0
BASKETBALL,CBB,EASTERN ILLINOIS,TENNESSEE TECH,n/a,-2.0,2.0,-5.0,TENNESSEE TECH,2.0
BASKETBALL,CBB,LINDENWOOD,TENNESSEE STATE,n/a,-1.5,1.5,10.0,LINDENWOOD,-1.5
BASKETBALL,CBB,WESTERN ILLINOIS,UT MARTIN,n/a,-1.0,1.0,-2.0,UT MARTIN,1.0
BASKETBALL,CBB,UC DAVIS,CAL STATE FULLERTON,n/a,-8.5,8.5,10.0,UC DAVIS,-8.5
BASKETBALL,CBB,MONTANA,NORTHERN ARIZONA,n/a,-8.0,8.0,5.0,NORTHERN ARIZONA,8.0
BASKETBALL,CBB,UTAH TECH,UT ARLINGTON,n/a,4.0,-4.0,12.0,UTAH TECH,4.0
BASKETBALL,CBB,DENVER,NORTH DAKOTA,n/a,-2.0,2.0,-25.0,NORTH DAKOTA,2.0
BASKETBALL,CBB,MONTANA STATE,NORTHERN COLORADO,n/a,-1.0,1.0,-1.0,NORTHERN COLORADO,1.0
BASKETBALL,CBB,SAM HOUSTON,LIBERTY,n/a,4.0,-4.0,-8.0,LIBERTY,-4.0
BASKETBALL,CBB,WASHINGTON STATE,PACIFIC,n/a,-15.5,15.5,-1.0,PACIFIC,15.5
BASKETBALL,CBB,UC SAN DIEGO,CAL POLY,n/a,-15.0,15.0,27.0,UC SAN DIEGO,-15.0
BASKETBALL,CBB,SAN FRANCISCO,PORTLAND,n/a,-20.0,20.0,9.0,PORTLAND,20.0
BASKETBALL,CBB,SANTA CLARA,OREGON STATE,n/a,-6.5,6.5,1.0,OREGON STATE,6.5
BASKETBALL,CBB,UC SANTA BARBARA,CSU BAKERSFIELD,n/a,-8.5,8.5,12.0,UC SANTA BARABARA,-8.5
BASKETBALL,CBB,CSUN,UC IRVINE,n/a,3.5,-3.5,-10.0,UC IRVINE,-3.5
BASKETBALL,CBB,UC RIVERSIDE,HAWAII,n/a,-2.0,2.0,-7.0,HAWAII,2.0
BASKETBALL,CBB,PORTLAND STATE,EASTERN WASHINGTON,n/a,-3.0,3.0,5.0,PORTLAND STATE,-3.0
BASKETBALL,CBB,SACRAMENTO STATE,IDAHO,n/a,3.5,-3.5,-13.0,IDAHO,-3.5
BASKETBALL,NBA,CLE CAVALIERS,OKC THUNDER,n/a,-2.0,2.0,7.0,CLE CAVALIERS,-2.0
BASKETBALL,NBA,IND PACERS,CHI BULLS,n/a,-6.5,6.5,16.0,IND PACERS,-6.5
BASKETBALL,NBA,PHI 76ERS,WAS WIZARDS,n/a,-11.0,11.0,6.0,WAS WIZARDS,11.0
BASKETBALL,NBA,NY KNICKS,TOR RAPTORS,n/a,-12.0,12.0,14.0,NY KNICKS,-12.0
BASKETBALL,NBA,BKN NETS,DET PISTONS,n/a,8.5,-8.5,-15.0,DET PISTONS,-8.5
BASKETBALL,NBA,NO PELICANS,POR TRAIL BLAZERS,n/a,-2.5,2.5,-19.0,POR TRAIL BLAZERS,2.5
BASKETBALL,NBA,DEN NUGGETS,LA CLIPPERS,n/a,2.5,-2.5,23.0,DEN NUGGETS,2.5
BASKETBALL,NBA,MIL BUCKS,SA SPURS,n/a,-5.0,5.0,16.0,MIL BUCKS,-5.0
BASKETBALL,CBB,HOLY CROSS,NAVY,n/a,-1.5,1.5,11.0,HOLY CROSS,-1.5
BASKETBALL,CBB,VILLANOVA,UCONN,n/a,-1.5,1.5,2.0,VILLANOVA,-1.5
BASKETBALL,CBB,SETON HALL,DEPAUL,n/a,-3.0,3.0,5.0,SETON HALL,-3.0
BASKETBALL,CBB,APPALACHIAN STATE,COASTAL CAROLINA,n/a,-8.0,8.0,23.0,APPALACHIAN STATE,-8.0
BASKETBALL,CBB,YOUNGSTOWN STATE,NORTHERN KENTUCKY,n/a,-2.0,2.0,11.0,YOUNGSTOWN STATE,-2.0
BASKETBALL,CBB,LA SALLE,LOYOLA CHICAGO,n/a,2.0,-2.0,-11.0,LOYOLA CHICAGO,-2.0
BASKETBALL,CBB,SOUTH CAROLINA,ALABAMA,n/a,10.5,-10.5,-20.0,ALABAMA,-10.5
BASKETBALL,CBB,ARKANSAS,OLE MISS,n/a,-4.0,4.0,-7.0,OLE MISS,4.0
BASKETBALL,CBB,INDIANA,USC,n/a,-7.0,7.0,13.0,INDIANA,-7.0
BASKETBALL,CBB,GEORGE MASON,RICHMOND,n/a,-14.0,14.0,6.0,RICHMOND,14.0
BASKETBALL,CBB,UMASS,DAYTON,n/a,10.5,-10.5,4.0,UMASS,10.5
BASKETBALL,CBB,THE CITADEL,FURMAN,n/a,13.5,-13.5,-4.0,THE CITADEL,13.5
BASKETBALL,CBB,MIAMI FL,FLORIDA STATE,n/a,-1.5,1.5,-15.0,FLORIDA STATE,1.5
BASKETBALL,CBB,UCF,COLORADO,n/a,-7.5,7.5,1.0,COLORADO,7.5
BASKETBALL,CBB,WOFFORD,WESTERN CAROLINA,n/a,-13.0,13.0,8.0,WESTERN CAROLINA,13.0
BASKETBALL,CBB,NC STATE,NOTRE DAME,n/a,-3.0,3.0,1.0,NOTRE DAME,3.0
BASKETBALL,CBB,RHODE ISLAND,GEORGE WASHINGTON,n/a,-7.0,7.0,-8.0,GEORGE WASHINGTON,7.0
BASKETBALL,CBB,CHARLOTTE,FLORIDA ATLANTIC,n/a,5.5,-5.5,-11.0,FLORIDA ATLANTIC,-5.5
BASKETBALL,CBB,BRADLEY,DRAKE,n/a,-2.0,2.0,-7.0,DRAKE,2.0
BASKETBALL,CBB,NORTHERN IOWA,MURRAY STATE,n/a,-5.5,5.5,-3.0,MURRAY STATE,5.5
BASKETBALL,CBB,CHARLESTON SOUTHERN,HIGH POINT,n/a,8.0,-8.0,-14.0,HIGH POINT,-8.0
BASKETBALL,CBB,BUCKNELL,LAFAYETTE,n/a,-4.0,4.0,3.0,LAFAYETTE,4.0
BASKETBALL,CBB,EAST CAROLINA,TEMPLE,n/a,-3.0,3.0,1.0,TEMPLE,3.0
BASKETBALL,CBB,DUQUESNE,SAINT JOSEPHS,n/a,3.0,-3.0,4.0,DUQUESNE,3.0
BASKETBALL,CBB,PURDUE FORT WAYNE,MILWAUKEE,n/a,-3.0,3.0,5.0,PURDUE FORT WAYNE,-3.0
BASKETBALL,CBB,LONGWOOD,UNC ASHEVILLE,n/a,-4.0,4.0,9.0,LONGWOOD,-4.0
BASKETBALL,CBB,USC UPSTATE,PRESBYTERIAN,n/a,3.5,-3.5,10.0,USC UPSTATE,3.5
BASKETBALL,CBB,MERCER,ETSU,n/a,2.5,-2.5,-2.0,MERCER,2.5
BASKETBALL,CBB,GARDNER-WEBB,WINTHROP,n/a,3.5,-3.5,6.0,GARDNER-WEBB,3.5
BASKETBALL,CBB,ROBERT MORRIS,CLEVELAND STATE,n/a,-2.0,2.0,-11.0,CLEVELAND STATE,2.0
BASKETBALL,CBB,BOSTON UNIVERSITY,AMERICAN,n/a,-3.0,3.0,6.0,BOSTON UNIVERSITY,-3.0
BASKETBALL,CBB,BELMONT,SOUTHERN ILLINOIS,n/a,-10.5,10.5,4.0,SOUTHERN ILLINOIS,10.5
BASKETBALL,CBB,EVANSVILLE,ILLINOIS STATE,n/a,5.5,-5.5,18.0,EVANSVILLE,5.5
BASKETBALL,CBB,VALPARAISO,INDIANA STATE,n/a,-3.5,3.5,3.0,INDIANA STATE,3.5
BASKETBALL,CBB,PROVIDENCE,BUTLER,n/a,-2.5,2.5,19.0,PROVIDENCE,-2.5
BASKETBALL,CBB,GEORGIA STATE,GEORGIA SOUTHERN,n/a,-3.0,3.0,5.0,GEORGIA STATE,-3.0
BASKETBALL,CBB,KANSAS,ARIZONA STATE,n/a,-14.5,14.5,19.0,KANSAS,-14.5
BASKETBALL,CBB,ILLINOIS,PENN STATE,n/a,-11.0,11.0,39.0,ILLINOIS,-11.0
BASKETBALL,CBB,OKLAHOMA,TEXAS A&M,n/a,-3.0,3.0,-2.0,TEXAS A&M,3.0
BASKETBALL,CBB,NORTH TEXAS,RICE,n/a,-11.0,11.0,22.0,NORTH TEXAS,-11.0
BASKETBALL,CBB,STANFORD,VIRGINIA TECH,n/a,-7.5,7.5,11.0,STANFORD,-7.5
BASKETBALL,CBB,GONZAGA,SAN DIEGO,n/a,-30.0,30.0,13.0,SAN DIEGO,30.0
BASKETBALL,CBB,SAINT THOMAS MN,SOUTH DAKOTA STATE,n/a,-4.0,4.0,1.0,SOUTH DAKOTA STATE,4.0
BASKETBALL,CBB,OMAHA,UMKC,n/a,-1.5,1.5,19.0,OMAHA,-1.5
BASKETBALL,CBB,SAN DIEGO STATE,AIR FORCE,n/a,-19.5,19.5,29.0,SAN DIEGO STATE,-19.5
BASKETBALL,CBB,CALIFORNIA,VIRGINIA,n/a,-4.5,4.5,14.0,CALIFORNIA,-4.5
BASKETBALL,NBA,WAS WIZARDS,HOU ROCKETS,n/a,13.0,-13.0,-23.0,HOU ROCKETS,-13.0
BASKETBALL,NBA,CHA HORNETS,PHO SUNS,n/a,4.5,-4.5,11.0,CHA HORNETS,4.5
BASKETBALL,NBA,DAL MAVERICKS,LA LAKERS,n/a,6.5,-6.5,21.0,DAL MAVERICKS,6.5
BASKETBALL,NBA,NO PELICANS,MIN TIMBERWOLVES,n/a,5.5,-5.5,-7.0,MIN TIMBERWOLVES,-5.5
BASKETBALL,NBA,UTA JAZZ,ATL HAWKS,n/a,6.5,-6.5,-3.0,UTA JAZZ,6.5
BASKETBALL,NBA,DEN NUGGETS,BOS CELTICS,n/a,6.0,-6.0,-12.0,BOS CELTICS,-6.0
BASKETBALL,NBA,GS WARRIORS,MIA HEAT,n/a,-9.0,9.0,-16.0,MIA HEAT,9.0
BASKETBALL,CBB,MORGAN STATE,NC CENTRAL,n/a,3.5,-3.5,3.0,MORGAN STATE,3.5
BASKETBALL,CBB,FLORIDA,TENNESSEE,n/a,-4.0,4.0,30.0,FLORIDA,-4.0
BASKETBALL,CBB,GEORGIA,KENTUCKY,n/a,2.5,-2.5,13.0,GEORGIA,2.5
BASKETBALL,CBB,DUKE,PITTSBURGH,n/a,-14.5,14.5,29.0,DUKE,-14.5
BASKETBALL,CBB,WEST VIRGINIA,ARIZONA,n/a,3.5,-3.5,-19.0,ARIZONA,-3.5
BASKETBALL,CBB,LOUISVILLE,CLEMSON,n/a,-3.5,3.5,10.0,LOUISVILLE,-3.5
BASKETBALL,CBB,AKRON,CENTRAL MICHIGAN,n/a,-7.5,7.5,16.0,AKRON,-7.5
BASKETBALL,CBB,TOLEDO,EASTERN MICHIGAN,n/a,-9.5,9.5,3.0,EASTERN MICHIGAN,9.5
BASKETBALL,CBB,NORTHERN ILLINOIS,KENT STATE,n/a,12.5,-12.5,-18.0,KENT STATE,-12.5
BASKETBALL,CBB,WESTERN MICHIGAN,BOWLING GREEN,n/a,-5.0,5.0,-4.0,BOWLING GREEN,5.0
BASKETBALL,CBB,BALL STATE,MIAMIA OH,n/a,1.0,-1.0,-8.0,MIAMI OH,-1.0
BASKETBALL,CBB,UAB,TULANE,n/a,-9.0,9.0,12.0,UAB,-9.0
BASKETBALL,CBB,MARQUETTE,GEORGETOWN,n/a,-12.0,12.0,8.0,GEORGETOWN,12.0
BASKETBALL,CBB,IOWA STATE,UTAH,n/a,-17.5,17.5,23.0,IOWA STATE,-17.5
BASKETBALL,CBB,BAYLOR,CINCINNATI,n/a,-6.0,6.0,20.0,BAYLOR,-6.0
BASKETBALL,CBB,IOWA,NEBRASKA,n/a,-4.0,4.0,10.0,IOWA,-4.0
BASKETBALL,CBB,OKLAHOMA STATE,KANSAS STATE,n/a,-3.0,3.0,13.0,OKLAHOMA STATE,-3.0
BASKETBALL,CBB,UTSA,TULSA,n/a,-5.0,5.0,-5.0,TULSA,5.0
BASKETBALL,CBB,MISSOURI STATE,ILLINOIS CHICAGO,n/a,-2.5,2.5,-17.0,ILLINOIS CHICAGO,2.5
BASKETBALL,CBB,EASTERN ILLINOIS,SIU EDWARDSVILLE,n/a,2.5,-2.5,-3.0,SIU EDWARDSVILLE,-2.5
BASKETBALL,CBB,TEXAS,AUBURN,n/a,11.0,-11.0,-5.0,TEXAS,11.0
BASKETBALL,CBB,NORTH CAROLINA,SMU,n/a,-6.5,6.5,15.0,NORTH CAROLINA,-6.5
BASKETBALL,CBB,VANDERBILT,MISSISSIPPI STATE,n/a,3.0,-3.0,-12.0,MISSISSIPPI STATE,-3.0
BASKETBALL,CBB,COLORADO STATE,FRESNO STATE,n/a,-14.0,14.0,27.0,COLORADO STATE,-14.0
BASKETBALL,CBB,BYU,TEXAS TECH,n/a,-2.0,2.0,-5.0,TEXAS TECH,2.0
BASKETBALL,CBB,MISSOURI,LSU,n/a,-7.5,7.5,16.0,MISSOURI,-7.5
BASKETBALL,CBB,UCLA,MICHIGAN,n/a,-2.5,2.5,-19.0,MICHIGAN,2.5
BASKETBALL,CBB,SAN JOSE STATE,UTAH STATE,n/a,10.0,-10.0,-7.0,SAN JOSE STATE,10.0
BASKETBALL,CBB,WYOMING,NEW MEXICO,n/a,6.5,-6.5,-8.0,NEW MEXICO,-6.5
BASKETBALL,CBB,BOISE STATE,UNLV,n/a,-8.0,8.0,22.0,BOISE STATE,-8.0
BASKETBALL,CBB,SAINT MARYS,LOYOLA MARYMOUNT,n/a,-14.5,14.5,25.0,SAINT MARYS,-14.5
BASKETBALL,NBA,DET PISTONS,POR TRAIL BLAZERS,n/a,-6.5,6.5,3.0,POR TRAIL BLAZERS,6.5
BASKETBALL,NBA,PHI 76ERS,PHO SUNS,n/a,-3.0,3.0,-10.0,PHO SUNS,3.0
BASKETBALL,NBA,NY KNICKS,ORL MAGIC,n/a,-12.0,12.0,-9.0,ORL MAGIC,12.0
BASKETBALL,NBA,BKN NETS,IND PACERS,n/a,10.5,-10.5,-14.0,IND PACERS,-10.5
BASKETBALL,NBA,TOR RAPTORS,MIL BUCKS,n/a,7.0,-7.0,-24.0,MIL BUCKS,-7.0
BASKETBALL,NBA,CHI BULLS,SA SPURS,n/a,3.0,-3.0,4.0,CHI BULLS,3.0
BASKETBALL,NBA,MIN TIMBERWOLVES,LA CLIPPERS,n/a,-2.0,2.0,2.0,BOTH,""
BASKETBALL,NBA,MEM GRIZZLIES,DAL MAVERICKS,n/a,-5.0,5.0,15.0,MEM GRIZZLIES,-5.0
BASKETBALL,NBA,SAC KINGS,MIA HEAT,n/a,-3.5,3.5,5.0,SAC KINGS,-3.5
BASKETBALL,CBB,DELAWARE STATE,NORFOLK STATE,n/a,6.5,-6.5,-9.0,NORFOLK STATE,-6.5
BASKETBALL,CBB,RUTGERS,WISCONSIN,n/a,1.5,-1.5,-12.0,WISCONSIN,-1.5
BASKETBALL,CBB,WICHITA STATE,SOUTH FLORIDA,n/a,-8.5,8.5,-19.0,SOUTH FLORIDA,8.5
BASKETBALL,CBB,ALABAMA STATE,ARKANSAS-PINE BLUFF,n/a,-14.0,14.0,2.0,ARKANSAS-PINE BLUFF,14.0
BASKETBALL,CBB,SE LOUISIANA,UT RIO GRANDE VALLEY,n/a,3.5,-3.5,4.0,SE LOUISIANA,3.5
BASKETBALL,CBB,NORTHWESTERN STATE,MCNEESE,n/a,11.5,-11.5,-23.0,MCNEESE,-11.5
BASKETBALL,CBB,STEPHEN F. AUSTIN,HOUSTON CHRISTIAN,n/a,-9.0,9.0,-10.0,HOUSTON CHRISTIAN,9.0
BASKETBALL,CBB,NEW ORLEANS,A&M-CORPUS CHRISTI,n/a,11.0,-11.0,-14.0,A&M-CORPUS CHRISTI,-11.0
BASKETBALL,CBB,EAST TEXAS A&M,NICHOLLS STATE,n/a,5.0,-5.0,-22.0,NICHOLLS STATE,-5.0
BASKETBALL,CBB,COPPIN STATE,SOUTH CAROLINA STATE,n/a,11.0,-11.0,-8.0,COPPIN STATE,-11.0
BASKETBALL,CBB,ALABAMA A&M,MISSISSIPPI VALLEY,n/a,-16.0,16.0,12.0,MISSISSIPPI VALLEY,16.0
BASKETBALL,CBB,LAMAR,INCARNATE WORD,n/a,-3.0,3.0,14.0,LAMAR,-3.0
BASKETBALL,CBB,PRAIRIE VIEW,SOUTHERN UNIVERSITY,n/a,4.5,-4.5,-4.0,PRAIRIE VIEW,4.5
BASKETBALL,CBB,MINNESOTA,OHIO STATE,n/a,5.0,-5.0,-1.0,MINNESOTA,5.0
BASKETBALL,CBB,HOUSTON,TCU,n/a,-18.5,18.5,19.0,HOUSTON,-18.5
BASKETBALL,CBB,TEXAS SOUTHERN,GRAMBLING,n/a,-4.0,4.0,5.0,TEXAS SOUTHERN,-4.0
BASKETBALL,NBA,OKC THUNDER,BOS CELTICS,n/a,-1.0,1.0,13.0,OKC THUNDER,-1.0
BASKETBALL,NBA,CLE CAVALIERS,CHA HORNETS,n/a,-16.5,16.5,10.0,CHA HORNETS,16.5
BASKETBALL,NBA,WAS WIZARDS,NO PELICANS,n/a,5.0,-5.0,-12.0,NO PELICANS,-5.0
BASKETBALL,NBA,ORL MAGIC,UTA JAZZ,n/a,-8.5,8.5,-13.0,UTA JAZZ,8.5
BASKETBALL,NBA,HOU ROCKETS,LA LAKERS,n/a,-4.5,4.5,4.0,LA LAKERS,4.5
BASKETBALL,NBA,GS WARRIORS,SAC KINGS,n/a,-3.0,3.0,-30.0,SAC KINGS,3.0
FOOTBALL,NFL,BAL RAVENS,CLE BROWNS,n/a,-20.5,20.5,25.0,BAL RAVENS,-20.5
FOOTBALL,NFL,PIT STEELERS,CIN BENGALS,n/a,2.5,-2.5,-2.0,PIT STEELERS,2.5
BASKETBALL,CBB,KENTUCKY,FLORIDA,n/a,-2.5,2.5,6.0,KENTUCKY,-2.5
BASKETBALL,NBA,BKN NETS,PHI 76ERS,n/a,7.5,-7.5,-29.0,PHI 76ERS,-7.5
BASKETBALL,NBA,DET PISTONS,MIN TIMBERWOLVES,n/a,7.0,-7.0,14.0,DET PISTONS,7.0
BASKETBALL,NBA,IND PACERS,PHO SUNS,n/a,-2.5,2.5,18.0,IND PACERS,-2.5
BASKETBALL,NBA,CHI BULLS,NY KNICKS,n/a,6.0,-6.0,13.0,CHI BULLS,6.0
BASKETBALL,NBA,MIL BUCKS,POR TRAIL BLAZERS,n/a,-12.0,12.0,-3.0,POR TRAIL BLAZERS,12.0
BASKETBALL,NBA,SA SPURS,DEN NUGGETS,n/a,3.5,-3.5,-11.0,DEN NUGGETS,-3.5
BASKETBALL,NBA,MIA HEAT,UTA JAZZ,n/a,-8.5,8.5,-36.0,UTA JAZZ,8.5
BASKETBALL,NBA,GS WARRIORS,MEM GRIZZLIES,n/a,-2.5,2.5,8.0,GS WARRIORS,-2.5
BASKETBALL,NBA,LA CLIPPERS,ATL HAWKS,n/a,-6.0,6.0,26.0,LA CLIPPERS,-6.0
BASKETBALL,NBA,DET PISTONS,CHA HORNETS,n/a,-6.5,6.5,4.0,CHA HORNETS,6.5
BASKETBALL,NBA,TOR RAPTORS,ORL MAGIC,n/a,1.5,-1.5,-9.0,ORL MAGIC,-1.5
BASKETBALL,NBA,OKC THUNDER,NY KNICKS,n/a,-4.5,4.5,10.0,OKC THUNDER,-4.5
BASKETBALL,NBA,HOU ROCKETS,BOS CELTICS,n/a,2.5,-2.5,-23.0,BOS CELTICS,-2.5
BASKETBALL,NBA,NO PELICANS,WAS WIZARDS,n/a,-7.5,7.5,12.0,NO PELICANS,-7.5
BASKETBALL,NBA,DAL MAVERICKS,CLE CAVALIERS,n/a,7.0,-7.0,-12.0,CLE CAVALIERS,-7.0
BASKETBALL,NBA,DEN NUGGETS,SA SPURS,n/a,-6.5,6.5,-3.0,SA SPURS,6.5
BASKETBALL,NBA,SAC KINGS,MEM GRIZZLIES,n/a,-2.5,2.5,5.0,SAC KINGS,-2.5
BASKETBALL,NBA,LA LAKERS,ATL HAWKS,n/a,-2.0,2.0,17.0,LA LAKERS,-2.0
FOOTBALL,CFB,TEXAS STATE,NORTH TEXAS,n/a,-15.5,15.5,2.0,NORTH TEXAS,15.5
FOOTBALL,CFB,VIRGINIA TECH,MINNESOTA,n/a,10.0,-10.0,-14.0,MINNESOTA,-10.0
BASKETBALL,CBB,BOWLING GREEN,AKRON,n/a,5.5,-5.5,-3.0,BOWLING GREEN,5.5
BASKETBALL,CBB,WISCONSIN,IOWA,n/a,-6.5,6.5,31.0,WISCONSIN,-6.5
BASKETBALL,CBB,TEMPLE,WICHITA STATE,n/a,-1.0,1.0,6.0,TEMPLE,-1.0
BASKETBALL,CBB,SAINT FRANCIS PA,CENTRAL CONNECTICUT STATE,n/a,6.0,-6.0,-15.0,CENTRAL CONNECTICUT STATE,-6.0
BASKETBALL,CBB,SAINT PETERS,QUINNIPIAC,n/a,-3.0,3.0,-13.0,QUINNIPIAC,3.0
BASKETBALL,CBB,MERCYHURST,STONEHILL,n/a,2.0,-2.0,7.0,MERCYHURST,2.0
BASKETBALL,CBB,OHIO STATE,MICHIGAN STATE,n/a,-2.0,2.0,-7.0,MICHIGAN STATE,2.0
BASKETBALL,CBB,GEORGETOWN,XAVIER,n/a,-2.0,2.0,6.0,GEORGETOWN,-2.0
BASKETBALL,CBB,MARQUETTE,CREIGHTON,n/a,-10.0,10.0,8.0,CREIGHTON,10.0
BASKETBALL,CBB,SAINT LOUIS,SAINT JOSEPHS,n/a,-2.0,2.0,16.0,SAINT LOUIS,-2.0
BASKETBALL,CBB,NEW MEXICO,NEVADA,n/a,-5.5,5.5,1.0,NEVADA,5.5
BASKETBALL,NBA,MIN TIMBERWOLVES,BOS CELTICS,n/a,4.5,-4.5,-3.0,MIN TIMBERWOLVES,4.5
BASKETBALL,NBA,MIA HEAT,IND PACERS,n/a,-2.0,2.0,-13.0,IND PACERS,2.0
BASKETBALL,NBA,OKC THUNDER,LA CLIPPERS,n/a,-11.0,11.0,18.0,OKC THUNDER,-11.0
BASKETBALL,NBA,MIL BUCKS,BKN NETS,n/a,-13.0,13.0,-3.0,BKN NETS,13.0
BASKETBALL,NBA,GS WARRIORS,PHI 76ERS,n/a,-3.0,3.0,34.0,GS WARRIORS,-3.0
BASKETBALL,NBA,LA LAKERS,POR TRAIL BLAZERS,n/a,-9.0,9.0,8.0,POR TRAIL BLAZERS,9.0
BASKETBALL,NBA,WAS WIZARDS,CHI BULLS,n/a,6.0,-6.0,18.0,WAS WIZARDS,6.0
BASKETBALL,NBA,DET PISTONS,ORL MAGIC,n/a,-2.5,2.5,9.0,DET PISTONS,-2.5
BASKETBALL,NBA,NY KNICKS,UTA JAZZ,n/a,-12.5,12.5,16.0,NY KNICKS,-12.5
BASKETBALL,NBA,MIA HEAT,NO PELICANS,n/a,-9.0,9.0,11.0,MIA HEAT,-9.0
BASKETBALL,NBA,TOR RAPTORS,BKN NETS,n/a,-1.5,1.5,17.0,TOR RAPTORS,-1.5
BASKETBALL,NBA,HOU ROCKETS,DAL MAVERICKS,n/a,-5.5,5.5,11.0,HOU ROCKETS,-5.5
BASKETBALL,NBA,DEN NUGGETS,ATL HAWKS,n/a,-7.5,7.5,19.0,DEN NUGGETS,-7.5
BASKETBALL,NBA,SAC KINGS,PHI 76ERS,n/a,-6.5,6.5,6.0,PHI 76ERS,6.5
BASKETBALL,NBA,IND PACERS,MIL BUCKS,n/a,-1.5,1.5,-8.0,MIL BUCKS,1.5
BASKETBALL,NBA,BOS CELTICS,TOR RAPTORS,n/a,-17.5,17.5,54.0,BOS CELTICS,-17.5
BASKETBALL,NBA,SA SPURS,LA CLIPPERS,n/a,-4.0,4.0,36.0,SA SPURS,-4.0
BASKETBALL,NBA,OKC THUNDER,MIN TIMBERWOLVES,n/a,-7.0,7.0,8.0,OKC THUNDER,-7.0
BASKETBALL,NBA,LA LAKERS,CLE CAVALIERS,n/a,5.0,-5.0,-12.0,CLE CAVALIERS,-5.0
BASKETBALL,NBA,PHO SUNS,MEM GRIZZLIES,n/a,-5.0,5.0,-5.0,MEM GRIZZLIES,5.0
FOOTBALL,NFL,SF 49ERS,DET LIONS,n/a,3.5,-3.5,-6.0,DET LIONS,-3.5
BASKETBALL,NBA,WAS WIZARDS,NY KNICKS,n/a,12.5,-12.5,-20.0,NY KNICKS,-12.5
BASKETBALL,NBA,CHA HORNETS,CHI BULLS,n/a,5.0,-5.0,-7.0,CHI BULLS,-5.0
BASKETBALL,NBA,NO PELICANS,LA CLIPPERS,n/a,4.5,-4.5,-3.0,NO PELICANS,4.5
BASKETBALL,NBA,UTA JAZZ,DEN NUGGETS,n/a,7.5,-7.5,-11.0,DEN NUGGETS,-7.5
BASKETBALL,NBA,GS WARRIORS,CLE CAVALIERS,n/a,4.0,-4.0,-18.0,CLE CAVALIERS,-4.0
BASKETBALL,NBA,POR TRAIL BLAZERS,PHI 76ERS,n/a,6.5,-6.5,-22.0,PHI 76ERS,-6.5
BASKETBALL,NBA,SAC KINGS,DAL MAVERICKS,n/a,-4.0,4.0,10.0,SAC KINGS,-4.0
BASKETBALL,NBA,BOS CELTICS,IND PACERS,n/a,-10.5,10.5,-9.0,IND PACERS,10.5
BASKETBALL,NBA,TOR RAPTORS,ATL HAWKS,n/a,-1.0,1.0,-29.0,ATL HAWKS,1.0
BASKETBALL,NBA,OKC THUNDER,MEM GRIZZLIES,n/a,-8.0,8.0,24.0,OKC THUNDER,-8.0
BASKETBALL,NBA,HOU ROCKETS,MIA HEAT,n/a,-9.0,9.0,-4.0,MIA HEAT,9.0
BASKETBALL,NBA,MIN TIMBERWOLVES,SA SPURS,n/a,-6.5,6.5,2.0,SA SPURS,6.5
FOOTBALL,NFL,BUF BILLS,NY JETS,n/a,-10.0,10.0,26.0,BUF BILLS,-10.0
FOOTBALL,NFL,NY GIANTS,IND COLTS,n/a,7.0,-7.0,12.0,NY GIANTS,7.0
FOOTBALL,NFL,TB BUCCANEERS,CAR PANTHERS,n/a,-8.5,8.5,34.0,TB BUCCANEERS,-8.5
FOOTBALL,NFL,PHI EAGLES,DAL COWBOYS,n/a,-7.5,7.5,34.0,PHI EAGLES,-7.5
FOOTBALL,NFL,NO SAINTS,LV RAIDERS,n/a,1.5,-1.5,-15.0,LV RAIDERS,-1.5
FOOTBALL,NFL,JAX JAGUARS,TEN TITANS,n/a,1.0,-1.0,7.0,JAX JAGUARS,1.0
FOOTBALL,NFL,CLE BROWNS,MIA DOLPHINS,n/a,3.0,-3.0,-17.0,MIA DOLPHINS,-3.0
FOOTBALL,NFL,MIN VIKINGS,GB PACKERS,n/a,-1.5,1.5,2.0,MIN VIKINGS,-1.5
FOOTBALL,NFL,WAS COMMANDERS,ATL FALCONS,n/a,-3.5,3.5,6.0,WAS COMMANDERS,-3.5
FOOTBALL,NFL,NE PATRIOTS,LA CHARGERS,n/a,6.0,-6.0,-33.0,LA CHARGERS,-6.0
FOOTBALL,NFL,CIN BENGALS,DEN BRONCOS,n/a,-3.5,3.5,6.0,CIN BENGALS,-3.5
FOOTBALL,NFL,LA RAMS,ARI CARDINALS,n/a,-6.5,6.5,4.0,ARI CARDINALS,6.5
BASKETBALL,NBA,ATL HAWKS,MIA HEAT,n/a,-2.0,2.0,10.0,ATL HAWKS,-2.0
BASKETBALL,NBA,CHA HORNETS,OKC THUNDER,n/a,12.5,-12.5,-12.0,CHA HORNETS,12.5
BASKETBALL,NBA,WAS WIZARDS,NY KNICKS,n/a,12.0,-12.0,-4.0,WAS WIZARDS,12.0
BASKETBALL,NBA,CHI BULLS,MIL BUCKS,n/a,3.5,-3.5,5.0,CHI BULLS,3.5
BASKETBALL,NBA,GS WARRIORS,PHO SUNS,n/a,-6.5,6.5,4.0,PHO SUNS,6.5
BASKETBALL,NBA,DEN NUGGETS,DET PISTONS,n/a,-5.5,5.5,13.0,DEN NUGGETS,-5.5
BASKETBALL,NBA,UTA JAZZ,PHI 76ERS,n/a,5.5,-5.5,-3.0,UTA JAZZ,5.5
BASKETBALL,NBA,POR TRAIL BLAZERS,DAL MAVERICKS,n/a,5.0,-5.0,4.0,POR TRAIL BLAZERS,5.0
BASKETBALL,NBA,LA LAKERS,SAC KINGS,n/a,-1.0,1.0,10.0,LA LAKERS,-1.0
FOOTBALL,CFB,VANDERBILT,GEORGIA TECH,n/a,2.5,-2.5,8.0,VANDERBILT,2.5
FOOTBALL,CFB,ARKANSAS,TEXAS TECH,n/a,2.5,-2.5,13.0,ARKANSAS,2.5
FOOTBALL,CFB,USC,TEXAS A&M,n/a,3.5,-3.5,4.0,USC,3.5
BASKETBALL,NBA,ORL MAGIC,NY KNICKS,n/a,7.0,-7.0,-23.0,NY KNICKS,-7.0
BASKETBALL,NBA,BOS CELTICS,IND PACERS,n/a,-11.5,11.5,37.0,BOS CELTICS,-11.5
BASKETBALL,NBA,BKN NETS,SA SPURS,n/a,7.5,-7.5,-9.0,SA SPURS,-7.5
BASKETBALL,NBA,HOU ROCKETS,MIN TIMBERWOLVES,n/a,-1.0,1.0,-1.0,MIN TIMBERWOLVES,1.0
BASKETBALL,NBA,NO PELICANS,MEM GRIZZLIES,n/a,8.5,-8.5,-8.0,NO PELICANS,8.5
BASKETBALL,NBA,DEN NUGGETS,CLE CAVALIERS,n/a,3.0,-3.0,-14.0,CLE CAVALIERS,-3.0
BASKETBALL,NBA,PHO SUNS,DAL MAVERICKS,n/a,-1.0,1.0,-9.0,DAL MAVERICKS,1.0
BASKETBALL,NBA,LA CLIPPERS,GS WARRIORS,n/a,-4.5,4.5,10.0,LA CLIPPERS,-4.5
FOOTBALL,CFB,BOWLING GREEN,ARKANSAS STATE,n/a,-10.0,10.0,-7.0,ARKANSAS STATE,10.0
BASKETBALL,NBA,IND PACERS,OKC THUNDER,n/a,5.0,-5.0,-6.0,OKC THUNDER,-5.0
BASKETBALL,NBA,ORL MAGIC,MIA HEAT,n/a,-1.5,1.5,-1.0,MIA HEAT,1.5
BASKETBALL,NBA,WAS WIZARDS,CHA HORNETS,n/a,4.5,-4.5,3.0,WAS WIZARDS,4.5
BASKETBALL,NBA,ATL HAWKS,CHI BULLS,n/a,-6.0,6.0,8.0,ATL HAWKS,-6.0
BASKETBALL,NBA,MIL BUCKS,BKN NETS,n/a,-9.5,9.5,-6.0,BKN NETS,9.5
BASKETBALL,NBA,NO PELICANS,HOU ROCKETS,n/a,7.5,-7.5,-17.0,HOU ROCKETS,-7.5
BASKETBALL,NBA,MEM GRIZZLIES,TOR RAPTORS,n/a,-11.5,11.5,29.0,MEM GRIZZLIES,-11.5
BASKETBALL,NBA,SAC KINGS,DET PISTONS,n/a,-5.5,5.5,-1.0,DET PISTONS,5.5
BASKETBALL,NBA,POR TRAIL BLAZERS,UTA JAZZ,n/a,-3.0,3.0,2.0,UTA JAZZ,3.0
FOOTBALL,NFL,CHI BEARS,SEA SEAHAWKS,n/a,5.0,-5.0,-3.0,CHI BEARS,-5.0
BASKETBALL,CBB,MURRAY STATE,LOYOLA CHICAGO,n/a,2.0,-2.0,3.0,MURRAY STATE,2.0
BASKETBALL,CBB,CHARLOTTE,CHARLESTON,n/a,6.5,-6.5,-3.0,CHARLOTTE,6.5
BASKETBALL,CBB,HAWAII,OAKLAND,n/a,-3.5,3.5,3.0,OAKLAND,3.5
BASKETBALL,CBB,NEBRASKA,OREGON STATE,n/a,-4.0,4.0,12.0,NEBRASKA,-4.0
FOOTBALL,NFL,KC CHIEFS,PIT STEELERS,n/a,2.5,-2.5,-19.0,KC CHIEFS,-2.5
FOOTBALL,NFL,HOU TEXANS,BAL RAVENS,n/a,5.5,-5.5,-29.0,BAL RAVENS,-5.5
BASKETBALL,NBA,NY KNICKS,SA SPURS,n/a,-9.0,9.0,3.0,SA SPURS,9.0
BASKETBALL,NBA,DAL MAVERICKS,MIN TIMBERWOLVES,n/a,-5.5,5.5,-6.0,MIN TIMBERWOLVES,5.5
BASKETBALL,NBA,BOS CELTICS,PHI 76ERS,n/a,-8.5,8.5,-4.0,PHI 76ERS,8.5
BASKETBALL,NBA,GS WARRIORS,LA LAKERS,n/a,-4.0,4.0,-2.0,LA LAKERS,4.0
BASKETBALL,NBA,PHO SUNS,DEN NUGGETS,n/a,2.5,-2.5,10.0,PHO SUNS,2.5
FOOTBALL,CFB,SAN JOSE STATE,SOUTH FLORIDA,n/a,-2.5,2.5,-2.0,SOUTH FLORIDA,2.5
FOOTBALL,CFB,UTSA,COASTAL CAROLINA,n/a,-13.5,13.5,29.0,UTSA,-13.5
FOOTBALL,CFB,FRESNO STATE,NORTHERN ILLINOIS,n/a,3.5,-3.5,-8.0,NORTHERN ILLINOIS,-3.5
FOOTBALL,NFL,GB PACKERS,NO SAINTS,n/a,-14.0,14.0,34.0,GB PACKERS,-14.0
BASKETBALL,CBB,LOYOLA CHICAGO,CHARLESTON,n/a,-2.0,2.0,-9.0,CHARLESTON,2.0
BASKETBALL,CBB,TENNESSEE,MIDDLE TENNESSEE,n/a,-26.5,26.5,18.0,MIDDLE TENNESSEE,26.5
BASKETBALL,CBB,NORTH DAKOTA STATE,CSU BAKERSFIELD,n/a,-11.0,11.0,34.0,NORTH DAKOTA STATE,-11.0
BASKETBALL,CBB,OAKLAND,OREGON STATE,n/a,9.0,-9.0,-6.0,OAKLAND,9.0
BASKETBALL,CBB,WASHINGTON,SEATTLE,n/a,-12.0,12.0,-9.0,SEATTLE,12.0
BASKETBALL,CBB,HAWAII,NEBRASKA,n/a,8.5,-8.5,-14.0,NEBRASKA,-8.5
BASKETBALL,CBB,CHARLOTTE,MURRAY STATE,n/a,6.5,-6.5,4.0,CHARLOTTE,6.5
BASKETBALL,NBA,ORL MAGIC,BOS CELTICS,n/a,10.0,-10.0,4.0,ORL MAGIC,10.0
BASKETBALL,NBA,CLE CAVALIERS,UTA JAZZ,n/a,-14.0,14.0,11.0,UTA JAZZ,14.0
BASKETBALL,NBA,PHI 76ERS,SA SPURS,n/a,-5.5,5.5,5.0,SA SPURS,5.5
BASKETBALL,NBA,CHA HORNETS,HOU ROCKETS,n/a,6.0,-6.0,-13.0,HOU ROCKETS,-6.0
BASKETBALL,NBA,MIA HEAT,BKN NETS,n/a,-10.0,10.0,15.0,MIA HEAT,-10.0
BASKETBALL,NBA,ATL HAWKS,MIN TIMBERWOLVES,n/a,3.5,-3.5,13.0,ATL HAWKS,3.5
BASKETBALL,NBA,NY KNICKS,TOR RAPTORS,n/a,-14.0,14.0,14.0,BOTH,""
BASKETBALL,NBA,MEM GRIZZLIES,LA CLIPPERS,n/a,-6.0,6.0,-4.0,LA CLIPPERS,6.0
BASKETBALL,NBA,CHI BULLS,MIL BUCKS,n/a,1.5,-1.5,-21.0,MIL BUCKS,-1.5
BASKETBALL,NBA,OKC THUNDER,WAS WIZARDS,n/a,-18.0,18.0,18.0,BOTH,""
BASKETBALL,NBA,DAL MAVERICKS,POR TRAIL BLAZERS,n/a,-10.0,10.0,24.0,DAL MAVERICKS,-10.0
BASKETBALL,NBA,GS WARRIORS,IND PACERS,n/a,-5.5,5.5,-6.0,IND PACERS,5.5
BASKETBALL,NBA,DEN NUGGETS,PHO SUNS,n/a,-5.0,5.0,27.0,DEN NUGGETS,-5.0
BASKETBALL,NBA,LA LAKERS,DET PISTONS,n/a,-6.0,6.0,-3.0,DET PISTONS,6.0
FOOTBALL,NFL,CHI BEARS,DET LIONS,n/a,7.0,-7.0,-17.0,DET LIONS,-7.0
FOOTBALL,NFL,CIN BENGALS,CLE BROWNS,n/a,-9.5,9.5,18.0,CIN BENGALS,-9.5
FOOTBALL,NFL,WAS COMMANDERS,PHI EAGLES,n/a,4.0,-4.0,3.0,WAS COMMANDERS,4.0
FOOTBALL,NFL,NY JETS,LA RAMS,n/a,3.0,-3.0,-10.0,LA RAMS,-3.0
FOOTBALL,NFL,ATL FALCONS,NY GIANTS,n/a,-9.0,9.0,27.0,ATL FALCONS,-9.0
FOOTBALL,NFL,CAR PANTHERS,ARI CARDINALS,n/a,5.0,-5.0,6.0,CAR PANTHERS,5.0
FOOTBALL,NFL,IND COLTS,TEN TITANS,n/a,-3.5,3.5,8.0,IND COLTS,-3.5
FOOTBALL,NFL,SEA SEAHAWKS,MIN VIKINGS,n/a,3.0,-3.0,-3.0,BOTH,""
FOOTBALL,NFL,BUF BILLS,NE PATRIOTS,n/a,-14.0,14.0,3.0,NE PATRIOTS,14.0
FOOTBALL,NFL,MIA DOLPHINS,SF 49ERS,n/a,1.5,-1.5,12.0,MIA DOLPHINS,1.5
FOOTBALL,NFL,LV RAIDERS,JAX JAGUARS,n/a,-2.5,2.5,5.0,LV RAIDERS,-2.5
FOOTBALL,NFL,DAL COWBOYS,TB BUCCANEERS,n/a,4.5,-4.5,2.0,DAL COWBOYS,4.5
BASKETBALL,NBA,TOR RAPTORS,HOU ROCKETS,n/a,8.0,-8.0,-4.0,TOR RAPTORS,8.0
BASKETBALL,NBA,SAC KINGS,IND PACERS,n/a,-2.0,2.0,-27.0,IND PACERS,2.0
BASKETBALL,NBA,NO PELICANS,DEN NUGGETS,n/a,9.5,-9.5,-3.0,NO PELICANS,9.5
BASKETBALL,CBB,ALABAMA,KENT STATE,n/a,-20.5,20.5,27.0,ALABAMA,-20.5
BASKETBALL,CBB,MICHIGAN,PURDUE FORT WAYNE,n/a,-22.0,22.0,31.0,MICHIGAN,-22.0
BASKETBALL,CBB,MISSOURI,ILLINOIS,n/a,3.5,-3.5,-3.0,MISSOURI,3.5
BASKETBALL,CBB,MIAMI OH,SACRED HEART,n/a,-7.5,7.5,18.0,MIAMI OH,-7.5
BASKETBALL,CBB,STONEHILL,NEW HAMPSHIRE,n/a,-9.0,9.0,7.0,NEW HAMPSHIRE,9.0
BASKETBALL,CBB,TOWSON,BRYANT,n/a,-2.0,2.0,5.0,TOWSON,-2.0
BASKETBALL,CBB,IOWA STATE,MORGAN STATE,n/a,-43.0,43.0,27.0,MORGAN STATE,43.0
BASKETBALL,CBB,OKLAHOMA,CENTRAL ARKANSAS,n/a,-26.5,26.5,23.0,CENTRAL ARKANSAS,26.5
BASKETBALL,CBB,TCU,MONTANA STATE,n/a,-11.0,11.0,34.0,TCU,-11.0
BASKETBALL,CBB,VCU,WILLIAM & MARY,n/a,-18.5,18.5,20.0,VCU,-18.5
BASKETBALL,CBB,GEORGE MASON,PENNSYLVANIA,n/a,-16.0,16.0,32.0,GEORGE MASON,-16.0
BASKETBALL,CBB,SOUTH CAROLINA,RADFORD,n/a,-13.5,13.5,26.0,SOUTH CAROLINA,-13.5
BASKETBALL,CBB,WISCONSIN,DETROIT MERCY,n/a,-29.0,29.0,23.0,DETROIT MERCY,29.0
BASKETBALL,CBB,MISSOURI STATE,UC SANTA BARBARA,n/a,-2.5,2.5,12.0,MISSOURI STATE,-2.5
BASKETBALL,CBB,VIRGINIA,AMERICAN,n/a,-13.5,13.5,5.0,AMERICAN,13.5
BASKETBALL,CBB,WEST VIRGINIA,MERCYHURST,n/a,-32.0,32.0,21.0,MERCYHURST,32.0
BASKETBALL,CBB,KANSAS,BROWN,n/a,-24.0,24.0,34.0,KANSAS,-24.0
BASKETBALL,CBB,OKLAHOMA STATE,ORAL ROBERTS,n/a,-20.0,20.0,12.0,ORAL ROBERTS,20.0
BASKETBALL,CBB,CHARLESTON,OREGON STATE,n/a,6.0,-6.0,-9.0,OREGON STATE,-6.0
BASKETBALL,CBB,UAB,ALCORN,n/a,-21.5,21.5,17.0,ALCORN,21.5
BASKETBALL,CBB,RICE,PRAIRIE VIEW,n/a,-13.5,13.5,18.0,RICE,-13.5
BASKETBALL,CBB,NORTH TEXAS,HOUSTON CHRISTIAN,n/a,-23.0,23.0,16.0,HOUSTON CHRISTIAN,23.0
BASKETBALL,CBB,LOUISIANA,MCNEESE,n/a,10.5,-10.5,-8.0,LOUISIANA,10.5
BASKETBALL,CBB,LSU,NEW ORLEANS,n/a,-27.5,27.5,16.0,NEW ORLEANS,27.5
BASKETBALL,CBB,GEORGIA,CHARLESTON SOUTHERN,n/a,-27.5,27.5,16.0,CHARLESTON SOUTHERN,27.5
BASKETBALL,CBB,GRAND CANYON,SAINT LOUIS,n/a,-9.5,9.5,1.0,SAINT LOUIS,9.5
BASKETBALL,CBB,NC STATE,RIDER,n/a,-20.0,20.0,26.0,NC STATE,-20.0
BASKETBALL,CBB,USC,SOUTHERN UNIVERSITY,n/a,-17.0,17.0,31.0,USC,-17.0
BASKETBALL,CBB,CINCINNATI,GRAMBLING,n/a,-29.5,29.5,35.0,CINCINNATI,-29.5
BASKETBALL,CBB,OAKLAND,LOYOLA CHICAGO,n/a,6.5,-6.5,1.0,OAKLAND,6.5
BASKETBALL,CBB,CAL STATE FULLERTON,WYOMING,n/a,5.0,-5.0,-4.0,CAL STATE FULLERTON,5.0
BASKETBALL,CBB,SETON HALL,GEORGETOWN,n/a,2.5,-2.5,-1.0,SETON HALL,2.5
BASKETBALL,CBB,LOYOLA MARYMOUNT,NORTH ALABAMA,n/a,-5.0,5.0,16.0,LOYOLA MARYMOUNT,-5.0
BASKETBALL,CBB,SAINT MARYS,UTAH STATE,n/a,-5.0,5.0,-7.0,UTAH STATE,5.0
BASKETBALL,CBB,MURRAY STATE,NEBRASKA,n/a,9.0,-9.0,-17.0,NEBRASKA,-9.0
BASKETBALL,CBB,HAWAII,CHARLOTTE,n/a,-6.0,6.0,17.0,HAWAII,-6.0
FOOTBALL,NFL,KC CHIEFS,HOU TEXANS,n/a,-3.5,3.5,8.0,KC CHIEFS,-3.5
FOOTBALL,NFL,BAL RAVENS,PIT STEELERS,n/a,-6.5,6.5,17.0,BAL RAVENS,-6.5
BASKETBALL,NBA,SAC KINGS,LA LAKERS,n/a,-6.0,6.0,-4.0,LA LAKERS,6.0
BASKETBALL,NBA,ORL MAGIC,MIA HEAT,n/a,-3.5,3.5,7.0,ORL MAGIC,-3.5
BASKETBALL,NBA,ATL HAWKS,MEM GRIZZLIES,n/a,1.5,-1.5,-16.0,MEM GRIZZLIES,-1.5
BASKETBALL,NBA,BKN NETS,UTA JAZZ,n/a,-2.5,2.5,-11.0,UTA JAZZ,2.5
BASKETBALL,NBA,NO PELICANS,NY KNICKS,n/a,8.0,-8.0,-11.0,NY KNICKS,-8.0
BASKETBALL,NBA,CHI BULLS,BOS CELTICS,n/a,11.5,-11.5,-25.0,BOS CELTICS,-11.5
BASKETBALL,NBA,MIL BUCKS,WAS WIZARDS,n/a,-11.5,11.5,11.0,WAS WIZARDS,11.5
BASKETBALL,NBA,MIN TIMBERWOLVES,GS WARRIORS,n/a,-3.0,3.0,-10.0,GS WARRIORS,3.0
BASKETBALL,NBA,CLE CAVALIERS,PHI 76ERS,n/a,-11.0,11.0,27.0,CLE CAVALIERS,-11.0
BASKETBALL,NBA,DAL MAVERICKS,LA CLIPPERS,n/a,-3.5,3.5,16.0,DAL MAVERICKS,-3.5
BASKETBALL,NBA,SA SPURS,POR TRAIL BLAZERS,n/a,-7.0,7.0,20.0,SA SPURS,-7.0
BASKETBALL,NBA,PHO SUNS,DET PISTONS,n/a,-6.0,6.0,-8.0,DET PISTONS,6.0
FOOTBALL,CFB,PENN STATE,SMU,n/a,-8.0,8.0,28.0,PENN STATE,-8.0
FOOTBALL,CFB,TEXAS,CLEMSON,n/a,-13.5,13.5,14.0,TEXAS,-13.5
FOOTBALL,CFB,OHIO STATE,TENNESSEE,n/a,-7.0,7.0,25.0,OHIO STATE,-7.0
BASKETBALL,CBB,BUTLER,UCONN,n/a,9.5,-9.5,-4.0,BUTLER,9.5
BASKETBALL,CBB,XAVIER,MARQUETTE,n/a,5.5,-5.5,-2.0,XAVIER,5.5
BASKETBALL,CBB,GEORGIA TECH,DUKE,n/a,15.0,-15.0,-26.0,DUKE,-15.0
BASKETBALL,CBB,RUTGERS,PRINCETON,n/a,-6.0,6.0,-1.0,PRINCETON,6.0
BASKETBALL,CBB,BOSTON COLLEGE,SMU,n/a,8.5,-8.5,-26.0,SMU,-8.5
BASKETBALL,CBB,INDIANA,CHATTANOOGA,n/a,-14.5,14.5,9.0,CHATTANOOGA,14.5
BASKETBALL,CBB,DREXEL,PENN STATE,n/a,15.5,-15.5,-11.0,DREXEL,15.5
BASKETBALL,CBB,VIRGINIA TECH,SAINT JOSEPHS,n/a,4.5,-4.5,-20.0,SAINT JOSEPHS,-4.5
BASKETBALL,CBB,DARTMOUTH,VERMONT,n/a,5.0,-5.0,30.0,DARTMOUTH,5.0
BASKETBALL,CBB,NORTHERN KENTUCKY,SOUTH CAROLINA STATE,n/a,-7.5,7.5,9.0,NORTHERN KENTUCKY,-7.5
BASKETBALL,CBB,FLORIDA,NORTH FLORIDA,n/a,-27.0,27.0,54.0,FLORIDA,-27.0
BASKETBALL,CBB,MEMPHIS,MISSISSIPPI STATE,n/a,1.0,-1.0,-13.0,MISSISSIPPI STATE,-1.0
BASKETBALL,CBB,PITTSBURGH,SAM HOUSTON,n/a,-17.0,17.0,32.0,PITTSBURGH,-17.0
BASKETBALL,CBB,USC UPSTATE,YOUNGSTOWN STATE,n/a,9.0,-9.0,-8.0,USC UPSTATE,9.0
BASKETBALL,CBB,MONMOUTH,FAIRFIELD,n/a,-4.0,4.0,14.0,MONMOUTH,-4.0
BASKETBALL,CBB,COPPIN STATE,NAVY,n/a,9.5,-9.5,8.0,COPPIN STATE,9.5
BASKETBALL,CBB,ROBERT MORRIS,SAINT FRANCIS PA,n/a,-8.0,8.0,13.0,ROBERT MORRIS,-8.0
BASKETBALL,CBB,LOYOLA MARYLAND,HAMPTON,n/a,-2.0,2.0,-8.0,HAMPTON,2.0
BASKETBALL,CBB,CENTAL CONNECTICUT STATE,QUINNIPIAC,n/a,-1.5,1.5,4.0,CENTRAL CONNECTICUT STATE,-1.5
BASKETBALL,CBB,TEXAS TECH,LAMAR,n/a,-24.0,24.0,44.0,TEXAS TECH,-24.0
BASKETBALL,CBB,CLEMSON,WAKE FOREST,n/a,-8.5,8.5,11.0,CLEMSON,-8.5
BASKETBALL,CBB,MICHIGAN STATE,FLORIDA ATLANTIC,n/a,-13.5,13.5,17.0,MICHIGAN STATE,-13.5
BASKETBALL,CBB,LIBERTY,UT ARLINGTON,n/a,-9.5,9.5,23.0,LIBERTY,-9.5
BASKETBALL,CBB,TROY,GEORGIA STATE,n/a,-12.5,12.5,20.0,TROY,-12.5
BASKETBALL,CBB,FLORIDA STATE,LOUISVILLE,n/a,1.0,-1.0,-14.0,LOUISVILLE,-1.0
BASKETBALL,CBB,MIAMI FL,MOUNT SAINT MARYS,n/a,-17.0,17.0,-4.0,MOUNT SAINT MARYS,17.0
BASKETBALL,CBB,WINTHROP,MERCER,n/a,-8.5,8.5,5.0,MERCER,8.5
BASKETBALL,CBB,MINNESOTA,FAIRLEIGH DICKINSON,n/a,-18.5,18.5,14.0,FAIRLEIGH DICKINSON,18.5
BASKETBALL,CBB,BOWLING GREEN,SAINT THOMAS MN,n/a,4.0,-4.0,-25.0,SAINT THOMAS MN,-4.0
BASKETBALL,CBB,UMASS LOWELL,BOSTON UNIVERSITY,n/a,-8.5,8.5,12.0,UMASS LOWELL,-8.5
BASKETBALL,CBB,BALL STATE,EVANSVILLE,n/a,-3.5,3.5,37.0,BALL STATE,-3.5
BASKETBALL,CBB,EASTERN MICHIGAN,WRIGHT STATE,n/a,5.0,-5.0,4.0,EASTERN MICHIGAN,5.0
BASKETBALL,CBB,CSUN,CHICAGO STATE,n/a,-20.0,20.0,24.0,CSUN,-20.0
BASKETBALL,CBB,SOUTH ALABAMA,JAMES MADISON,n/a,-1.0,1.0,28.0,SOUTH ALABAMA,-1.0
BASKETBALL,CBB,UNC WILMINGTON,UNC ASHEVILLE,n/a,-6.0,6.0,11.0,UNC WILMINGTON,-6.0
BASKETBALL,CBB,UMKC,ETSU,n/a,2.5,-2.5,7.0,UMKC,2.5
BASKETBALL,CBB,SOUTHERN ILLINOIS,HIGH POINT,n/a,2.5,-2.5,-13.0,HIGH POINT,-2.5
BASKETBALL,CBB,HOUSTON,A&M-CORPUS CHRISTI,n/a,-30.5,30.5,36.0,HOUSTON,-30.5
BASKETBALL,CBB,EASTERN KENTUCKY,JACKSONVILLE STATE,n/a,-1.0,1.0,-11.0,JACKSONVILLE STATE,1.0
BASKETBALL,CBB,DUQUESNE,UC IRVINE,n/a,6.5,-6.5,16.0,DUQUESNE,6.5
BASKETBALL,CBB,ARKANSAS,NORTH CAROLINA A&T,n/a,-28.0,28.0,28.0,BOTH,""
BASKETBALL,CBB,NORTH CAROLINA,UCLA,n/a,1.5,-1.5,2.0,NORTH CAROLINA,1.5
BASKETBALL,CBB,UNLV,UC RIVERSIDE,n/a,-9.5,9.5,13.0,UNLV,-9.5
BASKETBALL,CBB,HARVARD,FURMAN,n/a,2.5,-2.5,-14.0,FURMAN,-2.5
BASKETBALL,CBB,ARKANSAS STATE,COASTAL CAROLINA,n/a,-15.0,15.0,30.0,ARKANSAS STATE,-15.0
BASKETBALL,CBB,SOUTH FLORIDA,EAST TEXAS A&M,n/a,-12.5,12.5,26.0,SOUTH FLORIDA,-12.5
BASKETBALL,CBB,EAST CAROLINA,GARDNER-WEBB,n/a,-9.0,9.0,-5.0,GARDNER-WEBB,9.0
BASKETBALL,CBB,SOUTHERN MISS,MARSHALL,n/a,3.5,-3.5,2.0,SOUTHERN MISS,3.5
BASKETBALL,CBB,PEPPERDINE,UC DAVIS,n/a,1.5,-1.5,39.0,PEPPERDINE,1.5
BASKETBALL,CBB,VANDERBILT,AUSTIN PEAY,n/a,-25.0,25.0,30.0,VANDERBILT,-25.0
BASKETBALL,CBB,ULM,OLD DOMINION,n/a,1.0,-1.0,-5.0,OLD DOMINION,-1.0
BASKETBALL,CBB,COLORADO,BELLARMINE,n/a,-25.0,25.0,24.0,BELLARMINE,25.0
BASKETBALL,CBB,TULSA,MISSISSIPPI VALLEY,n/a,-26.0,26.0,45.0,TULSA,-26.0
BASKETBALL,CBB,BOISE STATE,AIR FORCE,n/a,-20.5,20.5,18.0,AIR FORCE,20.5
BASKETBALL,CBB,TEXAS STATE,GEORGIA SOUTHERN,n/a,-7.5,7.5,22.0,TEXAS STATE,-7.5
BASKETBALL,CBB,MOREHEAD STATE,TENNESSEE STATE,n/a,-3.5,3.5,6.0,MOREHEAD STATE,-3.5
BASKETBALL,CBB,CREIGHTON,VILLANOVA,n/a,-4.5,4.5,7.0,CREIGHTON,-4.5
BASKETBALL,CBB,UMASS,ARIZONA STATE,n/a,10.0,-10.0,-16.0,ARIZONA STATE,-10.0
BASKETBALL,CBB,NORTHWESTERN,DEPAUL,n/a,-6.5,6.5,20.0,NORTHWESTERN,-6.5
BASKETBALL,CBB,ALABAMA A&M,SAMFORD,n/a,15.5,-15.5,-7.0,ALABAMA A&M,15.5
BASKETBALL,CBB,WASHINGTON STATE,NORTHERN IOWA,n/a,-3.0,3.0,8.0,WASHINGTON STATE,-3.0
BASKETBALL,CBB,SOUTHERN UTAH,NORTHERN ARIZONA,n/a,-5.0,5.0,-8.0,NORTHERN ARIZONA,5.0
BASKETBALL,CBB,ARIZONA,CENTRAL MICHIGAN,n/a,-28.0,28.0,53.0,ARIZONA,-28.0
BASKETBALL,CBB,ABILENE CHRISTIAN,TEXAS SOUTHERN,n/a,-9.5,9.5,4.0,TEXAS SOUTHERN,9.5
BASKETBALL,CBB,PACIFIC,IDAHO,n/a,-4.5,4.5,-23.0,IDAHO,4.5
BASKETBALL,CBB,PORTLAND,LAFAYETTE,n/a,-3.5,3.5,10.0,PORTLAND,-3.5
BASKETBALL,CBB,AUBURN,PURDUE,n/a,-10.0,10.0,18.0,AUBURN,-10.0
BASKETBALL,CBB,SOUTHERN INDIANA,UT MARTIN,n/a,-4.5,4.5,-31.0,UT MARTIN,4.5
BASKETBALL,CBB,LINDENWOOD,WESTERN ILLINOIS,n/a,-3.0,3.0,6.0,LINDENWOOD,-3.0
BASKETBALL,CBB,SE MISSOURI STATE,SIU EDWARDSVILLE,n/a,1.0,-1.0,16.0,SE MISSOURI STATE,1.0
BASKETBALL,CBB,SANTA CLARA,SOUTH DAKOTA,n/a,-18.0,18.0,17.0,SOUTH DAKOTA,18.0
BASKETBALL,CBB,NEVADA,COLORADO STATE,n/a,-8.5,8.5,-2.0,COLORADO STATE,8.5
BASKETBALL,CBB,DAVIDSON,BETHUNE-COOKMAN,n/a,-14.0,14.0,13.0,BETHUNE-COOKMAN,14.0
BASKETBALL,CBB,DENVER,NORTHERN COLORADO,n/a,6.0,-6.0,-7.0,NORTHERN COLORADO,-6.0
BASKETBALL,CBB,OLE MISS,QUEENS NC,n/a,-26.5,26.5,18.0,QUEENS NC,26.5
BASKETBALL,CBB,FRESNO STATE,CALIFORNIA BAPTIST,n/a,3.0,-3.0,-17.0,CALIFORNIA BAPTIST,-3.0
BASKETBALL,CBB,KENTUCKY,OHIO STATE,n/a,-8.5,8.5,-20.0,OHIO STATE,8.5
BASKETBALL,CBB,SAN FRANCISCO,MONTANA,n/a,-16.0,16.0,4.0,MONTANA,16.0
BASKETBALL,CBB,RICHMOND,VMI,n/a,-12.5,12.5,7.0,VMI,12.5
BASKETBALL,CBB,IOWA,UTAH,n/a,-1.0,1.0,7.0,IOWA,-1.0
BASKETBALL,CBB,FIU,IU INDIANAPOLIS,n/a,-9.0,9.0,6.0,IU INDIANAPOLIS,9.0
BASKETBALL,CBB,UCF,JACKSONVILLE,n/a,-15.5,15.5,20.0,UCF,-15.5
BASKETBALL,CBB,DRAKE,GREEN BAY,n/a,-24.5,24.5,10.0,GREEN BAY,24.5
BASKETBALL,CBB,RHODE ISLAND,TEMPLE,n/a,-3.0,3.0,6.0,RHODE ISLAND,-3.0
BASKETBALL,CBB,WICHITA STATE,KANSAS STATE,n/a,2.5,-2.5,19.0,WICHITA STATE,2.5
BASKETBALL,CBB,ELON,UNC GREENSBORO,n/a,-1.0,1.0,4.0,ELON,-1.0
BASKETBALL,CBB,STANFORD,OREGON,n/a,5.5,-5.5,-15.0,OREGON,-5.5
BASKETBALL,CBB,OMAHA,CAL POLY,n/a,3.5,-3.5,4.0,OMAHA,3.5
BASKETBALL,CBB,SAN DIEGO,UC SAN DIEGO,n/a,14.0,-14.0,-6.0,SAN DIEGO,14.0
BASKETBALL,CBB,GONZAGA,BUCKNELL,n/a,-35.0,35.0,21.0,BUCKNELL,35.0
BASKETBALL,CBB,WEBER STATE,UTAH VALLEY,n/a,-1.0,1.0,-2.0,UTAH VALLEY,1.0
BASKETBALL,CBB,CSU BAKERSFIELD,PORTLAND STATE,n/a,-4.0,4.0,-1.0,PORTLAND STATE,4.0
BASKETBALL,CBB,SAN DIEGO STATE,CALIFORNIA,n/a,-5.0,5.0,21.0,SAN DIEGO STATE,-5.0
BASKETBALL,CBB,SAN JOSE STATE,KENNESAW STATE,n/a,-3.5,3.5,24.0,SAN JOSE STATE,-3.5
BASKETBALL,CBB,WESTERN MICHIGAN,VALPARAISO,n/a,-2.0,2.0,-3.0,VALPARAISO,2.0
BASKETBALL,CBB,TEXAS A&M,HOUSTON CHRISTIAN,n/a,-33.0,33.0,32.0,HOUSTON CHRISTIAN,33.0
BASKETBALL,CBB,GRAMBLING,NORFOLK STATE,n/a,6.0,-6.0,-6.0,BOTH,""
BASKETBALL,CBB,SEATTLE,ILLINOIS CHICAGO,n/a,-6.0,6.0,-11.0,ILLINOIS CHICAGO,6.0
BASKETBALL,CBB,PENNSYLVANIA,RIDER,n/a,-5.0,5.0,13.0,PENNSYLVANIA,-5.0
BASKETBALL,CBB,ALABAMA STATE,DELAWARE STATE,n/a,-6.0,6.0,-3.0,DELAWARE STATE,6.0
BASKETBALL,CBB,AKRON,YALE,n/a,4.5,-4.5,-16.0,YALE,-4.5
BASKETBALL,CBB,SAINT PETERS,DELAWARE,n/a,-3.0,3.0,8.0,SAINT PETERS,-3.0
BASKETBALL,CBB,NC CENTRAL,LONGWOOD,n/a,3.5,-3.5,-15.0,LONGWOOD,-3.5
BASKETBALL,CBB,NORTH TEXAS,APPALACHIAN STATE,n/a,-12.0,12.0,4.0,APPALACHIAN STATE,12.0
BASKETBALL,CBB,CINCINNATI,DAYTON,n/a,-2.5,2.5,7.0,CINCINNATI,-2.5
BASKETBALL,CBB,UTEP,JACKSON STATE,n/a,-15.0,15.0,6.0,JACKSON STATE,15.0
BASKETBALL,CBB,BYU,FLORIDA A&M,n/a,-34.0,34.0,46.0,BYU,-34.0
BASKETBALL,CBB,LOYOLA MARYMOUNT,SOUTHERN UNIVERSITY,n/a,-7.5,7.5,16.0,LOYOLA MARYMOUNT,-7.5
BASKETBALL,NBA,PHI 76ERS,CHA HORNETS,n/a,-12.5,12.5,10.0,CHA HORNETS,12.5
BASKETBALL,NBA,CLE CAVALIERS,MIL BUCKS,n/a,-9.0,9.0,23.0,CLE CAVALIERS,-9.0
BASKETBALL,NBA,MIA HEAT,OKC THUNDER,n/a,1.5,-1.5,-7.0,OKC THUNDER,-1.5
FOOTBALL,CFB,JACKSONVILLE STATE,OHIO,n/a,6.5,-6.5,-3.0,JACKSONVILLE STATE,6.5
FOOTBALL,CFB,FLORIDA,TULANE,n/a,-10.5,10.5,25.0,FLORIDA,-10.5
FOOTBALL,CFB,NOTRE DAME,INDIANA,n/a,-7.0,7.0,10.0,NOTRE DAME,-7.0
FOOTBALL,CFB,SAM HOUSTON,GEORGIA SOUTHERN,n/a,4.0,-4.0,5.0,SAM HOUSTON,4.0
FOOTBALL,NFL,LA CHARGERS,DEN BRONCOS,n/a,-2.5,2.5,7.0,LA CHARGERS,-2.5
BASKETBALL,NBA,ORL MAGIC,OKC THUNDER,n/a,6.5,-6.5,-6.0,ORL MAGIC,6.5
BASKETBALL,NBA,DET PISTONS,UTA JAZZ,n/a,-4.5,4.5,-7.0,UTA JAZZ,4.5
BASKETBALL,NBA,WAS WIZARDS,CHA HORNETS,n/a,4.5,-4.5,9.0,WAS WIZARDS,4.5
BASKETBALL,NBA,BOS CELTICS,CHI BULLS,n/a,-14.0,14.0,-9.0,CHI BULLS,14.0
BASKETBALL,NBA,TOR RAPTORS,BKN NETS,n/a,-2.5,2.5,-7.0,BKN NETS,2.5
BASKETBALL,NBA,HOU ROCKETS,NO PELICANS,n/a,-9.0,9.0,20.0,HOU ROCKETS,-9.0
BASKETBALL,NBA,MEM GRIZZLIES,GS WARRIORS,n/a,-2.0,2.0,51.0,MEM GRIZZLIES,-2.0
BASKETBALL,NBA,SA SPURS,ATL HAWKS,n/a,-1.5,1.5,7.0,SA SPURS,-1.5
BASKETBALL,NBA,DAL MAVERICKS,LA CLIPPERS,n/a,-4.0,4.0,-23.0,LA CLIPPERS,4.0
BASKETBALL,NBA,PHO SUNS,IND PACERS,n/a,-6.0,6.0,-9.0,IND PACERS,6.0
BASKETBALL,NBA,MIN TIMBERWOLVES,NY KNICKS,n/a,-2.5,2.5,-26.0,NY KNICKS,2.5
BASKETBALL,NBA,POR TRAIL BLAZERS,DEN NUGGETS,n/a,8.0,-8.0,2.0,POR TRAIL BLAZERS,8.0
BASKETBALL,NBA,SAC KINGS,LA LAKERS,n/a,-5.5,5.5,-13.0,LA LAKERS,5.5
BASKETBALL,CBB,NORFOLK STATE,ALABAMA STATE,n/a,-5.0,5.0,17.0,NORFOLK STATE,-5.0
BASKETBALL,CBB,CLEVELAND STATE,OAKLAND,n/a,2.0,-2.0,17.0,CLEVELAND STATE,2.0
BASKETBALL,CBB,DELAWARE STATE,GRAMBLING,n/a,4.5,-4.5,13.0,DELAWARE STATE,4.5
BASKETBALL,CBB,MOREHEAD STATE,UT MARTIN,n/a,-5.0,5.0,1.0,UT MARTIN,5.0
BASKETBALL,CBB,BELMONT,UC IRVINE,n/a,2.0,-2.0,-8.0,UC IRVINE,-2.0
BASKETBALL,CBB,MIDDLE TENNESSEE,LIPSCOMB,n/a,-1.5,1.5,2.0,MIDDLE TENNESSEE,-1.5
BASKETBALL,CBB,TEXAS,NEW ORLEANS,n/a,-34.0,34.0,36.0,TEXAS,-34.0
BASKETBALL,CBB,LITTLE ROCK,SIU EDWARDSVILLE,n/a,-3.0,3.0,4.0,LITTLE ROCK,-3.0
BASKETBALL,CBB,WYOMING,BELLARMINE,n/a,-13.5,13.5,37.0,WYOMING,-13.5
BASKETBALL,CBB,SOUTHERN INDIANA,TENNESSEE STATE,n/a,-4.5,4.5,2.0,TENNESSEE STATE,4.5
BASKETBALL,CBB,SE MISSOURI STATE,EASTERN ILLINOIS,n/a,-4.5,4.5,7.0,SE MISSOURI STATE,-4.5
BASKETBALL,CBB,LINDENWOOD,TENNESSEE TECH,n/a,-2.5,2.5,-6.0,TENNESSEE TECH,2.5
BASKETBALL,CBB,UTAH TECH,SOUTH DAKOTA,n/a,3.0,-3.0,5.0,UTAH TECH,3.0
BASKETBALL,CBB,PEPPERDINE,LONG BEACH STATE,n/a,-6.0,6.0,-3.0,LONG BEACH STATE,6.0
BASKETBALL,CBB,GRAND CANYON,CHICAGO STATE,n/a,-30.0,30.0,23.0,CHICAGO STATE,30.0
BASKETBALL,CBB,SAINT MARYS,MERRIMACK,n/a,-20.5,20.5,5.0,MERRIMACK,20.5
BASKETBALL,CBB,EAST TEXAS A&M,ABILENE CHRISTIAN,n/a,9.5,-9.5,1.0,EAST TEXAS A&M,9.5
BASKETBALL,CBB,UMASS LOWELL,STONEHILL,n/a,-14.0,14.0,11.0,STONEHILL,14.0
BASKETBALL,CBB,USC UPSTATE,SOUTH CAROLINA STATE,n/a,1.5,-1.5,-15.0,SOUTH CAROLINA STATE,-1.5
BASKETBALL,CBB,GEORGETOWN,CREIGHTON,n/a,4.5,-4.5,24.0,GEORGETOWN,4.5
BASKETBALL,CBB,LA SALLE,FAIRLEIGH DICKINSON,n/a,-13.5,13.5,5.0,FAIRLEIGH DICKINSON,13.5
BASKETBALL,CBB,VIRGINIA,MEMPHIS,n/a,3.5,-3.5,-2.0,VIRGINIA,3.5
BASKETBALL,CBB,UCONN,XAVIER,n/a,-13.0,13.0,5.0,XAVIER,13.0
BASKETBALL,CBB,TEMPLE,DAVIDSON,n/a,-1.5,1.5,1.0,DAVIDSON,1.5
BASKETBALL,CBB,SAINT JOSEPHS,AMERICAN,n/a,-14.0,14.0,27.0,SAINT JOSEPHS,-14.0
BASKETBALL,CBB,OHIO,AUSTIN PEAY,n/a,-14.0,14.0,20.0,OHIO,-14.0
BASKETBALL,CBB,NORTHERN KENTUCKY,DETROIT MERCY,n/a,-13.5,13.5,13.0,DETROIT MERCY,13.5
BASKETBALL,CBB,SOUTH FLORIDA,BETHUNE-COOKMAN,n/a,-11.5,11.5,-8.0,BETHUNE-COOKMAN,11.5
BASKETBALL,CBB,UMASS,NORTHEASTERN,n/a,-3.0,3.0,5.0,UMASS,-3.0
BASKETBALL,CBB,WRIGHT STATE,YOUNGSTOWN STATE,n/a,-6.5,6.5,-10.0,YOUNGSTOWN STATE,6.5
BASKETBALL,CBB,GEORGE WASHINGTON,LAFAYETTE,n/a,-12.5,12.5,20.0,GEORGE WASHINGTON,-12.5
BASKETBALL,CBB,INDIANA STATE,MURRAY STATE,n/a,3.0,-3.0,10.0,INDIANA STATE,3.0
BASKETBALL,CBB,UNC WILMINGTON,FLORIDA GULF COAST,n/a,-6.5,6.5,13.0,UNC WILMINGTON,-6.5
BASKETBALL,CBB,ETSU,ELON,n/a,-3.5,3.5,26.0,ETSU,-3.5
BASKETBALL,CBB,VERMONT,MIAMI OH,n/a,-5.0,5.0,8.0,VERMONT,-5.0
BASKETBALL,CBB,WILLIAM & MARY,RICHMOND,n/a,-2.5,2.5,6.0,WILLIAM & MARY,-2.5
BASKETBALL,CBB,FAIRFIELD,CENTRAL CONNECTICUT STATE,n/a,1.0,-1.0,-1.0,BOTH,""
BASKETBALL,CBB,QUEENS NC,MERCER,n/a,-1.0,1.0,7.0,QUEENS NC,-1.0
BASKETBALL,CBB,CAMPBELL,LONGWOOD,n/a,3.0,-3.0,-22.0,LONGWOOD,-3.0
BASKETBALL,CBB,GEORGIA TECH,UMBC,n/a,-15.5,15.5,9.0,UMBC,15.5
BASKETBALL,CBB,UAB,ALABAMA A&M,n/a,-22.5,22.5,29.0,UAB,-22.5
BASKETBALL,CBB,UT RIO GRANDE VALLEY,SOUTHERN UTAH,n/a,-1.5,1.5,5.0,UT RIO GRANDE VALLEY,-1.5
BASKETBALL,CBB,HOUSTON,TOLEDO,n/a,-29.0,29.0,29.0,BOTH,""
BASKETBALL,CBB,SAINT LOUIS,WOFFORD,n/a,-8.0,8.0,-3.0,WOFFORD,8.0
BASKETBALL,CBB,ILLINOIS STATE,NORTHERN ILLINOIS,n/a,-13.5,13.5,21.0,ILLINOIS STATE,-13.5
BASKETBALL,CBB,OKLAHOMA STATE,TARLETON STATE,n/a,-21.0,21.0,5.0,TARLETON STATE,21.0
BASKETBALL,CBB,BRADLEY,SAN FRANCISCO,n/a,-1.5,1.5,2.0,BRADLEY,-1.5
BASKETBALL,CBB,UT ARLINGTON,EVANSVILLE,n/a,-8.0,8.0,26.0,UT ARLINGTON,-8.0
BASKETBALL,CBB,LOUISIANA,APPALACHIAN STATE,n/a,1.5,-1.5,6.0,LOUISIANA,1.5
BASKETBALL,CBB,VANDERBILT,THE CITADEL,n/a,-29.0,29.0,52.0,VANDERBILT,-29.0
BASKETBALL,CBB,MARQUETTE,BUTLER,n/a,-14.0,14.0,10.0,BUTLER,14.0
BASKETBALL,CBB,OKLAHOMA,MICHIGAN,n/a,4.0,-4.0,1.0,OKLAHOMA,4.0
BASKETBALL,CBB,NORTH DAKOTA,ALABAMA,n/a,25.0,-25.0,-7.0,NORTH DAKOTA,25.0
BASKETBALL,CBB,ARIZONA,SAMFORD,n/a,-19.5,19.5,32.0,ARIZONA,-19.5
BASKETBALL,CBB,NEW MEXICO,VCU,n/a,-3.5,3.5,7.0,NEW MEXICO,-3.5
BASKETBALL,CBB,UC DAVIS,IDAHO,n/a,-6.5,6.5,6.0,IDAHO,6.5
BASKETBALL,CBB,IDAHO STATE,UTAH VALLEY,n/a,1.0,-1.0,-24.0,UTAH VALLEY,-1.0
BASKETBALL,CBB,USC,CSUN,n/a,-12.5,12.5,21.0,USC,-12.5
BASKETBALL,CBB,SANTA CLARA,KENNESAW STATE,n/a,-15.0,15.0,20.0,SANTA CLARA,-15.0
BASKETBALL,CBB,PACIFIC,PORTLAND STATE,n/a,-4.0,4.0,-6.0,PORTLAND STATE,4.0
BASKETBALL,CBB,LOYOLA MARYMOUNT,UC SANTA BARBARA,n/a,-3.0,3.0,2.0,UC SANTA BARBARA,3.0
BASKETBALL,CBB,UC RIVERSIDE,MONTANA STATE,n/a,-2.5,2.5,3.0,UC RIVERSIDE,-2.5
BASKETBALL,CBB,PORTLAND,CSU BAKERSFIELD,n/a,1.0,-1.0,-17.0,CSU BAKERSFIELD,-1.0
BASKETBALL,CBB,WASHINGTON,WASHINGTON STATE,n/a,-3.0,3.0,16.0,WASHINGTON,-3.0
BASKETBALL,CBB,NORTH TEXAS,MISSISSIPPI VALLEY,n/a,-36.5,36.5,41.0,NORTH TEXAS,-36.5
BASKETBALL,CBB,GONZAGA,NICHOLLS STATE,n/a,-35.0,35.0,30.0,NICHOLLS STATE,35.0
FOOTBALL,CFB,JAMES MADISON,WESTERN KENTUCKY,n/a,-7.5,7.5,10.0,JAMES MADISON,-7.5
FOOTBALL,CFB,UNLV,CALIFORNIA,n/a,-3.5,3.5,11.0,UNLV,-3.5
FOOTBALL,CFB,WEST VIRGINIA,MEMPHIS,n/a,6.0,-6.0,-5.0,WEST VIRGINIA,6.0
BASKETBALL,NBA,OKC THUNDER,MIL BUCKS,IN-SEASON TOURNAMENT,-5.0,5.0,-16.0,MIL BUCKS,5.0
BASKETBALL,CBB,HOWARD,DREXEL,n/a,1.0,-1.0,-3.0,DREXEL,-1.0
BASKETBALL,CBB,UNC ASHEVILLE,NORTH FLORIDA,n/a,-3.0,3.0,14.0,UNC ASHEVILLE,-3.0
BASKETBALL,CBB,FLORIDA,NORTH CAROLINA,n/a,-3.5,3.5,6.0,FLORIDA,-3.5
BASKETBALL,CBB,DAYTON,UNLV,n/a,-10.5,10.5,1.0,UNLV,10.5
BASKETBALL,CBB,SOUTH CAROLINA,CLEMSON,n/a,2.0,-2.0,3.0,SOUTH CAROLINA,2.0
BASKETBALL,CBB,DUKE,GEORGE MASON,n/a,-19.5,19.5,21.0,DUKE,-19.5
BASKETBALL,CBB,MICHIGAN STATE,OAKLAND,n/a,-16.5,16.5,19.0,MICHIGAN STATE,-16.5
BASKETBALL,CBB,FLORIDA STATE,WINTHROP,n/a,-11.0,11.0,18.0,FLORIDA STATE,-11.0
BASKETBALL,CBB,WAKE FOREST,JAMES MADISON,n/a,-8.0,8.0,17.0,WAKE FOREST,-8.0
BASKETBALL,CBB,OLE MISS,SOUTHERN UNIVERSITY,n/a,-24.5,24.5,13.0,SOUTHERN UNIVERSITY,24.5
BASKETBALL,CBB,QUINNIPIAC,HOLY CROSS,n/a,-11.0,11.0,-1.0,HOLY CROSS,11.0
BASKETBALL,CBB,EAST CAROLINA,FIU,n/a,-7.5,7.5,11.0,EAST CAROLINA,-7.5
BASKETBALL,CBB,CHARLOTTE,WEST GEORGIA,n/a,-12.0,12.0,5.0,WEST GEORGIA,12.0
BASKETBALL,CBB,NORTH CAROLINA A&T,COASTAL CAROLINA,n/a,-4.0,4.0,-5.0,COASTAL CAROLINA,4.0
BASKETBALL,CBB,GEORGIA SOUTHERN,GARDNER-WEBB,n/a,-3.5,3.5,5.0,GEORGIA SOUTHERN,-3.5
BASKETBALL,CBB,ROBERT MORRIS,TOWSON,n/a,2.0,-2.0,1.0,ROBERT MORRIS,2.0
BASKETBALL,CBB,TENNESSEE,WESTERN CAROLINA,n/a,-36.5,36.5,48.0,TENNESSEE,-36.5
BASKETBALL,CBB,VILLANOVA,SETON HALL,n/a,"","",12.0,VILLANAOVA,""
BASKETBALL,CBB,MISSOURI,JACKSONVILLE STATE,n/a,-17.0,17.0,11.0,JACKSONVILLE STATE,17.0
BASKETBALL,CBB,MISSISSIPPI STATE,CENTRAL MICHIGAN,n/a,"","",24.0,MISSISSIPPI STATE,""
BASKETBALL,CBB,WICHITA STATE,UMKC,n/a,-14.5,14.5,-10.0,UMKC,14.5
BASKETBALL,CBB,MARYLAND,SAINT FRANCIS PA,n/a,-34.0,34.0,54.0,MARYLAND,-34.0
BASKETBALL,CBB,OHIO STATE,VALPARAISO,n/a,-21.5,21.5,22.0,OHIO STATE,-21.5
BASKETBALL,CBB,KANSAS STATE,DRAKE,n/a,-1.5,1.5,-3.0,DRAKE,1.5
BASKETBALL,CBB,WESTERN KENTUCKY,SEATTLE,n/a,-6.5,6.5,13.0,WESTERN KENTUCKY,-6.5
BASKETBALL,CBB,AUBURN,GEORGIA STATE,n/a,-39.5,39.5,41.0,AUBURN,-39.5
BASKETBALL,CBB,SOUTHERN MISS,LAMAR,n/a,2.5,-2.5,-4.0,LAMAR,-2.5
BASKETBALL,CBB,ULM,HOUSTON CHRISTIAN,n/a,-4.0,4.0,-6.0,HOUSTON CHRISTIAN,4.0
BASKETBALL,CBB,WESTERN ILLINOIS,TENNESSEE TECH,n/a,-2.0,2.0,3.0,WESTERN ILLINOIS,-2.0
BASKETBALL,CBB,UTAH STATE,UC SAN DIEGO,n/a,-10.0,10.0,-2.0,UC SAN DIEGO,10.0
BASKETBALL,CBB,COLORADO STATE,RADFORD,n/a,-12.5,12.5,10.0,RADFORD,12.5
BASKETBALL,CBB,BOISE STATE,TEXAS SOUTHERN,n/a,-23.5,23.5,31.0,BOISE STATE,-23.5
BASKETBALL,CBB,LSU,STETSON,n/a,-23.5,23.5,46.0,LSU,-23.5
BASKETBALL,CBB,UTAH,FLORIDA A&M,n/a,-32.5,32.5,30.0,FLORIDA A&M,32.5
BASKETBALL,CBB,UCLA,PRAIRIE VIEW,n/a,-34.0,34.0,36.0,UCLA,-34.0
BASKETBALL,CBB,STANFORD,MERRIMACK,n/a,-15.5,15.5,6.0,MERRIMACK,15.5
BASKETBALL,CBB,CAL POLY,DENVER,n/a,-10.5,10.5,1.0,DENVER,10.5
BASKETBALL,CBB,OREGON STATE,SACRAMENTO STATE,n/a,-20.5,20.5,37.0,OREGON STATE,-20.5
BASKETBALL,CBB,CHARLESTON,WOFFORD,n/a,-6.0,6.0,10.0,CHARLESTON,-6.0
BASKETBALL,CBB,CENTRAL ARKANSAS,THE CITADEL,n/a,-4.5,4.5,2.0,THE CITADEL,4.5
BASKETBALL,CBB,GRAMBLING,SE LOUISIANA,n/a,-2.5,2.5,-10.0,SE LOUISIANA,2.5
BASKETBALL,CBB,MIDDLE TENNESSEE,CALIFORNIA BAPTIST,n/a,-5.0,5.0,11.0,MIDDLE TENNESSEE,-5.0
BASKETBALL,CBB,LOUISIANA TECH,GRAND CANYON,n/a,2.5,-2.5,8.0,LOUISIANA TECH,2.5
BASKETBALL,CBB,TCU,SOUTH ALABAMA,n/a,-12.5,12.5,9.0,SOUTH ALABAMA,12.5
BASKETBALL,CBB,NORTHERN IOWA,MONTANA,n/a,-10.5,10.5,28.0,NORTHERN IOWA,-10.5
BASKETBALL,CBB,NORTHERN COLORADO,AIR FORCE,n/a,-9.5,9.5,5.0,AIR FORCE,9.5
BASKETBALL,CBB,RICE,ALCORN,n/a,-16.5,16.5,2.0,ALCORN,16.5
BASKETBALL,CBB,TEXAS TECH,ORAL ROBERTS,n/a,-27.0,27.0,36.0,TEXAS TECH,-27.0
BASKETBALL,CBB,UTEP,TARLETON STATE,n/a,-15.0,15.0,5.0,TARLETON STATE,15.0
BASKETBALL,CBB,NEW MEXICO STATE,SOUTHERN UTAH,n/a,-5.0,5.0,3.0,SOUTHERN UTAH,5.0
FOOTBALL,NFL,MIN VIKINGS,CHI BEARS,n/a,-7.0,7.0,18.0,MIN VIKINGS,-7.0
FOOTBALL,NFL,LV RAIDERS,ATL FALCONS,n/a,6.0,-6.0,-6.0,"",""
BASKETBALL,NBA,DET PISTONS,MIA HEAT,n/a,4.5,-4.5,1.0,DET PISTONS,4.5
BASKETBALL,NBA,CHA HORNETS,PHI 76ERS,n/a,3.5,-3.5,-13.0,PHI 76ERS,-3.5
BASKETBALL,NBA,BKN NETS,CLE CAVALIERS,n/a,10.5,-10.5,-29.0,CLE CAVALIERS,-10.5
BASKETBALL,NBA,TOR RAPTORS,CHI BULLS,n/a,2.0,-2.0,-1.0,TOR RAPTORS,2.0
BASKETBALL,NBA,SAC KINGS,DEN NUGGETS,n/a,-1.5,1.5,-1.0,DEN NUGGETS,1.5
BASKETBALL,NBA,LA CLIPPERS,UTA JAZZ,n/a,-8.5,8.5,37.0,LA CLIPPERS,-8.5
FOOTBALL,NFL,DET LIONS,BUF BILLS,n/a,-2.5,2.5,-6.0,BUF BILLS,2.5
FOOTBALL,NFL,DEN BRONCOS,IND COLTS,n/a,-4.5,4.5,18.0,DEN BRONCOS,-4.5
FOOTBALL,NFL,PHI EAGLES,PIT STEELERS,n/a,-5.5,5.5,14.0,PHI EAGLES,-5.5
FOOTBALL,NFL,ARI CARDINALS,NE PATRIOTS,n/a,-6.0,6.0,13.0,ARI CARDINALS,-6.0
FOOTBALL,NFL,LA CHARGERS,TB BUCCANEERS,n/a,-2.5,2.5,-23.0,TB BUCCANEERS,2.5
FOOTBALL,NFL,SEA SEAHAWKS,GB PACKERS,n/a,2.5,-2.5,-17.0,GB PACKERS,-2.5
FOOTBALL,NFL,NY GIANTS,BAL RAVENS,n/a,16.5,-16.5,-21.0,BAL RAVENS,-16.5
FOOTBALL,NFL,NO SAINTS,WAS COMMANDERS,n/a,7.5,-7.5,-1.0,NO SAINTS,7.5
FOOTBALL,NFL,CLE BROWNS,KC CHIEFS,n/a,4.5,-4.5,-14.0,KC CHIEFS,-4.5
FOOTBALL,NFL,TEN TITANS,CIN BENGALS,n/a,5.5,-5.5,-10.0,CIN BENGALS,-5.5
FOOTBALL,NFL,HOU TEXANS,MIA DOLPHINS,n/a,-3.0,3.0,8.0,HOU TEXANS,-3.0
FOOTBALL,NFL,JAX JAGUARS,NY JETS,n/a,3.5,-3.5,-7.0,NY JETS,-3.5
FOOTBALL,NFL,CAR PANTHERS,DAL COWBOYS,n/a,-2.5,2.5,-16.0,DAL COWBOYS,2.5
Basketball,NBA,NY KNICKS,ATL HAWKS,IN-SEASON TOURNAMENT,-7.5,7.5,"",ATL HAWKS,7.5
Basketball,NBA,HOU ROCKETS,GS WARRIORS,IN-SEASON TOURNAMENT,-2.5,2.5,"",GS WARRIORS,2.5
FOOTBALL,NFL,SF 49ERS,LA RAMS,n/a,-3.0,3.0,"",LA RAMS,3.0
BASKETBALL,NBA,BOS CELTICS,DET PISTONS,n/a,-12.5,12.5,"",BOS CELTICS,-12.5
BASKETBALL,NBA,MIA HEAT,TOR RAPTORS,n/a,-10.5,10.5,"",TOR RAPTORS,10.5
BASKETBALL,NBA,NO PELICANS,SAC KINGS,n/a,7.0,-7.0,"",NO PELICANS,7.0
BASKETBALL,CBB,VIRGINIA TECH,NORTH CAROLINA A&T,n/a,-15.0,15.0,"",VIRGINIA TECH,-15.0
BASKETBALL,CBB,VIRGINIA,BETHUNE-COOKMAN,n/a,-16.0,16.0,"",VIRGINIA,-16.0
BASKETBALL,CBB,THE CITADEL,CAMPBELL,n/a,1.5,-1.5,"",CAMPBELL,-1.5
BASKETBALL,CBB,IOWA,IOWA STATE,n/a,5.5,-5.5,"",IOWA STATE,-5.5
BASKETBALL,CBB,TEXAS,NEW MEXICO STATE,n/a,-19.5,19.5,"",TEXAS,-19.5
BASKETBALL,CBB,ARKANSAS STATE,UT ARLINGTON,n/a,-9.5,9.5,"",UT ARLINGTON,9.5
BASKETBALL,CBB,EVANSVILLE,CHATTANOOGA,n/a,1.5,-1.5,"",CHATTANOOGA,-1.5
BASKETBALL,CBB,MERRIMACK,BOSTON UNIVERSITY,n/a,-4.5,4.5,3.0,BOSTON UNIVERSITY,4.5
BASKETBALL,CBB,LOUISIANA TECH,GEORGIA SOUTHERN,n/a,-11.5,11.5,14.0,LOUISIANA TECH,-11.5
BASKETBALL,CBB,NEBRASKA,INDIANA,n/a,-4.0,4.0,17.0,NEBRASKA,-4.0
BASKETBALL,CBB,NORTHERN IOWA,OMAHA,n/a,-14.0,14.0,20.0,NORTHERN IOWA,-14.0
BASKETBALL,CBB,UTSA,NORTH DAKOTA,n/a,-7.5,7.5,4.0,NORTH DAKOTA,7.5
BASKETBALL,CBB,COLORADO,SOUTH DAKOTA STATE,n/a,-9.5,9.5,23.0,COLORADO,-9.5
BASKETBALL,CBB,SAINT THOMAS MN,WESTERN MICHIGAN,n/a,-11.5,11.5,6.0,WESTERN MICHIGAN,11.5
BASKETBALL,CBB,UTAH TECH,WEBER STATE,n/a,3.5,-3.5,-2.0,UTAH TECH,3.5
BASKETBALL,NBA,CLE CAVALIERS,WAS WIZARDS,n/a,-16.5,16.5,10.0,WAS WIZARDS,16.5
BASKETBALL,NBA,PHI 76ERS,IND PACERS,n/a,-6.5,6.5,-14.0,IND PACERS,6.5
BASKETBALL,NBA,MEM GRIZZLIES,BKN NETS,n/a,-10.0,10.0,16.0,MEM GRIZZLIES,-10.0
BASKETBALL,NBA,CHI BULLS,CHA HORNETS,n/a,-6.5,6.5,14.0,CHI BULLS,-6.5
BASKETBALL,NBA,MIN TIMBERWOLVES,LA LAKERS,n/a,-8.5,8.5,10.0,MIN TIMBERWOLVES,-8.5
BASKETBALL,NBA,DEN NUGGETS,LA CLIPPERS,n/a,-6.0,6.0,22.0,DEN NUGGETS,-6.0
BASKETBALL,NBA,UTA JAZZ,PHO SUNS,n/a,7.5,-7.5,-8.0,PHO SUNS,-7.5
BASKETBALL,NBA,POR TRAIL BLAZERS,SA SPURS,n/a,3.0,-3.0,-2.0,POR TRAIL BLAZERS,3.0
BASKETBALL,CBB,CLEMSON,MEMPHIS,n/a,-5.5,5.5,-5.0,MEMPHIS,5.5
BASKETBALL,CBB,PURDUE,TEXAS A&M,n/a,-2.0,2.0,-4.0,TEXAS A&M,2.0
BASKETBALL,CBB,FURMAN,SOUTH CAROLINA STATE,n/a,-12.5,12.5,4.0,SOUTH CAROLINA STATE,12.5
BASKETBALL,CBB,SOUTH DAKOTA,WESTERN ILLINOIS,n/a,-9.5,9.5,23.0,SOUTH DAKOTA,-9.5
BASKETBALL,CBB,PENN STATE,COPPIN STATE,n/a,-38.5,38.5,48.0,PENN STATE,-38.5
BASKETBALL,CBB,AUBURN,OHIO STATE,n/a,-12.0,12.0,38.0,AUBURN,-12.0
BASKETBALL,CBB,DEPAUL,WICHITA STATE,n/a,-4.5,4.5,19.0,DEPAUL,-4.5
BASKETBALL,CBB,LOUISIANA,LAMAR,n/a,-2.5,2.5,-29.0,LAMAR,2.5
BASKETBALL,CBB,YOUNGSTOWN STATE,TOLEDO,n/a,-2.0,2.0,6.0,YOUNGSTOWN STATE,-2.0
BASKETBALL,CBB,JACKSONVILLE,ETSU,n/a,3.5,-3.5,8.0,JACKSONVILLE,3.5
BASKETBALL,CBB,CINCINNATI,XAVIER,n/a,-8.0,8.0,3.0,XAVIER,8.0
BASKETBALL,CBB,UCF,TULSA,n/a,-10.5,10.5,13.0,UCF,-10.5
BASKETBALL,CBB,UMASS LOWELL,DARTMOUTH,n/a,-11.0,11.0,9.0,DARTMOUTH,11.0
BASKETBALL,CBB,FLORIDA ATLANTIC,TEXAS STATE,n/a,-8.5,8.5,9.0,FLORIDA ATLANTIC,-8.5
BASKETBALL,CBB,UNC ASHEVILLE,WESTERN CAROLINA,n/a,-9.0,9.0,17.0,UNC ASHEVILLE,-9.0
BASKETBALL,CBB,APPALACHIAN STATE,HIGH POINT,n/a,6.0,-6.0,-6.0,"",""
BASKETBALL,CBB,WESTERN KENTUCKY,MURRAY STATE,n/a,-6.0,6.0,5.0,MURRAY STATE,6.0
BASKETBALL,CBB,LONGWOOD,NC CENTRAL,n/a,-8.0,8.0,-7.0,NC CENTRAL,8.0
BASKETBALL,CBB,GARDNER-WEBB,QUEENS NC,n/a,-6.0,6.0,-2.0,QUEENS NC,6.0
BASKETBALL,CBB,SOUTH CAROLINA,USC UPSTATE,n/a,-26.0,26.0,20.0,USC UPSTATE,26.0
BASKETBALL,CBB,GEORGIA STATE,CHARLOTTE,n/a,-1.5,1.5,-14.0,CHARLOTTE,1.5
BASKETBALL,CBB,BUTLER,WISCONSIN,n/a,4.5,-4.5,-9.0,WISCONSIN,-4.5
BASKETBALL,CBB,ARIZONA,UCLA,n/a,-3.5,3.5,-3.0,UCLA,3.5
BASKETBALL,CBB,RUTGERS,SETON HALL,n/a,-11.5,11.5,-3.0,SETON HALL,11.5
BASKETBALL,CBB,CALIFORNIA,NORTHWESTERN STATE,n/a,-16.5,16.5,18.0,CALIFORNIA,-16.5
BASKETBALL,CBB,HOWARD,UNC WILMINGTON,n/a,4.5,-4.5,5.0,HOWARD,4.5
BASKETBALL,CBB,BELLARMINE,BALL STATE,n/a,1.5,-1.5,-4.0,BALL STATE,-1.5
BASKETBALL,CBB,UT ARLINGTON,ULM,n/a,-14.0,14.0,9.0,ULM,14.0
BASKETBALL,CBB,KANSAS,NC STATE,n/a,-14.5,14.5,15.0,KANSAS,-14.5
BASKETBALL,CBB,ARIZONA STATE,FLORIDA,n/a,6.5,-6.5,-17.0,FLORIDA,-6.5
BASKETBALL,CBB,NORTH CAROLINA,LA SALLE,n/a,-21.0,21.0,26.0,NORTH CAROLINA,-21.0
BASKETBALL,CBB,SOUTHERN MISS,OLE MISS,n/a,23.0,-23.0,31.0,OLE MISS,-23.0
BASKETBALL,CBB,UTAH STATE,SOUTH FLORIDA,n/a,-16.0,16.0,21.0,UTAH STATE,-16.0
BASKETBALL,CBB,SMU,LSU,n/a,-4.0,4.0,10.0,SMU,-4.0
BASKETBALL,CBB,ARKANSAS,CENTRAL ARKANSAS,n/a,-28.0,28.0,25.0,CENTRAL ARKANSAS,28.0
BASKETBALL,CBB,PEPPERDINE,NORTHERN ARIZONA,n/a,-4.0,4.0,10.0,PEPPERDINE,-4.0
BASKETBALL,CBB,MARSHALL,OHIO,n/a,-1.0,1.0,9.0,MARSHALL,-1.0
BASKETBALL,CBB,STETSON,FIU,n/a,4.0,-4.0,-9.0,FIU,-4.0
BASKETBALL,CBB,VALPARAISO,CENTRAL MICHIGAN,n/a,-1.0,1.0,16.0,VALPARAISO,-1.0
BASKETBALL,CBB,FLORIDA STATE,TULANE,n/a,-10.5,10.5,13.0,FLORIDA STATE,-10.5
BASKETBALL,CBB,SANTA CLARA,BRADLEY,n/a,-3.5,3.5,8.0,SANTA CLARA,-3.5
BASKETBALL,CBB,LINDENWOOD,IU INDIANAPOLIS,n/a,1.0,-1.0,18.0,LINDENWOOD,1.0
BASKETBALL,CBB,WASHINGTON STATE,MISSOURI STATE,n/a,-11.0,11.0,13.0,WASHINGTON STATE,-11.0
BASKETBALL,CBB,OREGON STATE,UC IRVINE,n/a,-2.5,2.5,12.0,OREGON STATE,-2.5
BASKETBALL,CBB,WEST VIRGINIA,BETHUNE-COOKMAN,n/a,-24.5,24.5,23.0,BETHUNE-COOKMAN,24.5
BASKETBALL,CBB,JACKSONVILLE STATE,UTAH VALLEY,n/a,-3.0,3.0,4.0,JACKSONVILLE STATE,-3.0
BASKETBALL,CBB,AUSTIN PEAY,SOUTHERN ILLINOIS,n/a,2.0,-2.0,-5.0,SOUTHERN ILLINOIS,-2.0
BASKETBALL,CBB,NORTH FLORIDA,UNC GREENSBOR0,n/a,-1.0,1.0,12.0,NORTH FLORIDA,-1.0
BASKETBALL,CBB,KENTUCKY,LOUISVILLE,n/a,-10.0,10.0,8.0,LOUISVILLE,10.0
BASKETBALL,CBB,ILLINOIS,TENNESSEE,n/a,1.5,-1.5,-2.0,TENNESSEE,-1.5
BASKETBALL,CBB,MISSISSIPPI STATE,MCNEESE,n/a,-9.5,9.5,3.0,MCNEESE,9.5
BASKETBALL,CBB,GEORGIA,GRAND CANYON,n/a,-7.0,7.0,5.0,GRAND CANYON,7.0
BASKETBALL,CBB,DUQUESNE,TOWSON,n/a,2.5,-2.5,18.0,DUQUESNE,2.5
BASKETBALL,CBB,RICHMOND,BELMONT,n/a,2.0,-2.0,-7.0,BELMONT,-2.0
BASKETBALL,CBB,DAYTON,MARQUETTE,n/a,-1.0,1.0,8.0,DAYTON,-1.0
BASKETBALL,CBB,DAVIDSON,DETROIT MERCY,n/a,-16.0,16.0,35.0,DAVIDSON,-16.0
BASKETBALL,CBB,UTAH,RADFORD,n/a,-20.0,20.0,18.0,RADFORD,20.0
BASKETBALL,CBB,LIBERTY,NORTH CAROLINA A&T,n/a,-20.0,20.0,9.0,NORTH CAROLINA A&T,20.0
BASKETBALL,CBB,UC SANTA BARBARA,GREEN BAY,n/a,-13.5,13.5,17.0,UC SANTA BARBARA,-13.5
BASKETBALL,CBB,FRESNO STATE,SAN DIEGO,n/a,-5.0,5.0,8.0,FRESNO STATE,-5.0
BASKETBALL,CBB,MOUNT SAINT MARYS,LOYOLA MARYLAND,n/a,-4.5,4.5,-8.0,LOYOLA MARYLAND,4.5
BASKETBALL,CBB,COLORADO STATE,VCU,n/a,6.0,-6.0,-8.0,VCU,-6.0
BASKETBALL,CBB,UCONN,GONZAGA,n/a,2.5,-2.5,6.0,UCONN,2.5
BASKETBALL,CBB,OKLAHOMA STATE,OKLAHOMA,n/a,4.5,-4.5,-15.0,OKLAHOMA,-4.5
BASKETBALL,CBB,EASTERN KENTUCKY,EASTERN ILLINOIS,n/a,-10.0,10.0,15.0,EASTERN KENTUCKY,-10.0
BASKETBALL,CBB,UMKC,BOWLING GREEN,n/a,-3.5,3.5,8.0,UMKC,-3.5
BASKETBALL,CBB,ALABAMA,CREIGHTON,n/a,-11.5,11.5,8.0,CREIGHTON,11.5
BASKETBALL,CBB,BYU,WYOMING,n/a,-16.0,16.0,19.0,BYU,-16.0
BASKETBALL,CBB,LOYOLA MARYMOUNT,PRAIRIE VIEW,n/a,-18.5,18.5,1.0,PRAIRIE VIEW,18.5
BASKETBALL,CBB,BOISE STATE,SAINT MARYS,n/a,2.5,-2.5,2.0,BOISE STATE,2.5
BASKETBALL,CBB,NEVADA,TEXAS SOUTHERN,n/a,-21.0,21.0,32.0,NEVADA,-21.0
BASKETBALL,CBB,SAN JOSE STATE,CAL POLY,n/a,-5.0,5.0,7.0,SAN JOSE STATE,-5.0
BASKETBALL,CBB,SACRAMENTO STATE,UC DAVIS,n/a,7.0,-7.0,-7.0,"",""
BASKETBALL,CBB,UNLV,PACIFIC,n/a,-12.5,12.5,7.0,PACIFIC,12.5
BASKETBALL,CBB,HAWAII,A&M-CORPUS CHRISTI,n/a,-5.0,5.0,9.0,HAWAII,-5.0
BASKETBALL,NBA,MIL BUCKS,ATL HAWKS,n/a,-4.0,4.0,8.0,MIL BUCKS,-4.0
BASKETBALL,NBA,OKC THUNDER,HOU ROCKETS,n/a,-5.5,5.5,15.0,OKC THUNDER,-5.5
FOOTBALL,CFB,WESTERN MICHIGAN,SOUTH ALABAMA,n/a,7.5,-7.5,-7.0,WESTERN MICHIGAN,7.5
BASKETBALL,CBB,VIRGINIA TECH,NAVY,n/a,-14.5,14.5,8.0,NAVY,14.5
BASKETBALL,CBB,EAST TEXAS A&M,SOUTH ALABAMA,n/a,7.5,-7.5,-9.0,SOUTH ALABAMA,-7.5
BASKETBALL,CBB,RHODE ISLAND,CENTRAL CONNECTICUT STATE,n/a,-9.0,9.0,8.0,CENTRAL CONNECTICUT STATE,9.0
BASKETBALL,CBB,OLD DOMINION,NORTHEASTERN,n/a,7.0,-7.0,-4.0,NORTHEASTERN,7.0
BASKETBALL,CBB,NORTHERN KENTUCKY,NORFOLK STATE,n/a,-3.5,3.5,9.0,NORTHERN KENTUCKY,-3.5
BASKETBALL,CBB,IOWA STATE,OMAHA,n/a,-35.0,35.0,32.0,OMAHA,35.0
BASKETBALL,CBB,MILWAUKEE,AKRON,n/a,-1.0,1.0,18.0,MILWAUKEE,-1.0
BASKETBALL,CBB,MIAMI FL,PRESBYTERIAN,n/a,-18.0,18.0,19.0,MIAMI FL,-18.0
BASKETBALL,CBB,NORTH DAKOTA STATE,WESTERN MICHIGAN,n/a,-8.0,8.0,36.0,NORTH DAKOTA STATE,-8.0
BASKETBALL,CBB,CHATTANOOGA,ALABAMA A&M,n/a,-18.0,18.0,22.0,CHATTANOOGA,-18.0
BASKETBALL,CBB,MERCER,CHICAGO STATE,n/a,-15.5,15.5,12.0,CHICAGO STATE,15.5
BASKETBALL,CBB,EASTERN MICHIGAN,PURDUE FORT WAYNE,n/a,5.5,-5.5,-23.0,PURDUE FORT WAYNE,-5.5
BASKETBALL,CBB,LITTLE ROCK,ILLINOIS CHICAGO,n/a,-3.0,3.0,-8.0,ILLINOIS CHICAGO,3.0
BASKETBALL,CBB,MORGAN STATE,CAMPBELL,n/a,6.0,-6.0,10.0,MORGAN STATE,6.0
BASKETBALL,CBB,IOWA,NEW ORLEANS,n/a,-31.5,31.5,47.0,IOWA,-31.5
BASKETBALL,CBB,NORTH DAKOTA,UTSA,n/a,1.0,-1.0,-8.0,UTSA,-1.0
BASKETBALL,CBB,TEXAS,ARKANSAS-PINE BLUFF,n/a,-41.0,41.0,64.0,TEXAS,-41.0
BASKETBALL,CBB,BOSTON COLLEGE,STONEHILL,n/a,-17.0,17.0,4.0,STONEHILL,17.0
BASKETBALL,CBB,GEORGIA TECH,NORTHWESTERN,n/a,6.5,-6.5,-11.0,NORTHWESTERN,-6.5
BASKETBALL,CBB,KENT STATE,MERCYHURST,n/a,-19.5,19.5,25.0,KENT STATE,-19.5
BASKETBALL,CBB,ILLINOIS STATE,SAINT LOUIS,n/a,1.5,-1.5,4.0,ILLINOIS STATE,1.5
BASKETBALL,CBB,CAL STATE FULLERTON,DENVER,n/a,-3.5,3.5,15.0,CAL STATE FULLERTON,-3.5
BASKETBALL,CBB,OREGON,STEPHEN F. AUSTIN,n/a,-21.0,21.0,18.0,STEPHEN F. AUSTIN,21.0
BASKETBALL,CBB,UAB,ARKANSAS STATE,n/a,-3.5,3.5,-9.0,ARKANSAS STATE,3.5
BASKETBALL,CBB,LOYOLA CHICAGO,SAN FRANCISCO,n/a,3.0,-3.0,-10.0,SAN FRANCISCO,-3.0
BASKETBALL,CBB,IDAHO,UC SAN DIEGO,n/a,7.5,-7.5,-24.0,UC SAN DIEGO,-7.5
BASKETBALL,CBB,USC,MONTANA STATE,n/a,-9.0,9.0,26.0,USC,-9.0
BASKETBALL,NBA,IND PACERS,NO PELICANS,n/a,-7.0,7.0,15.0,IND PACERS,-7.0
BASKETBALL,NBA,ORL MAGIC,NY KNICKS,n/a,4.5,-4.5,-9.0,NY KNICKS,-4.5
BASKETBALL,NBA,WAS WIZARDS,BOS CELTICS,n/a,17.5,-17.5,-14.0,WAS WIZARDS,17.5
BASKETBALL,NBA,SA SPURS,MIN TIMBERWOLVES,n/a,4.5,-4.5,-14.0,MIN TIMBERWOLVES,-4.5
BASKETBALL,NBA,PHO SUNS,POR TRAIL BLAZERS,n/a,-11.5,11.5,7.0,POR TRAIL BLAZERS,11.5
BASKETBALL,NBA,GS WARRIORS,DAL MAVERICKS,n/a,3.0,-3.0,-10.0,DAL MAVERICKS,-3.0
BASKETBALL,NBA,LA LAKERS,MEM GRIZZLIES,n/a,4.5,-4.5,6.0,LA LAKERS,4.5