Sport,League,Home_Team,Away_Team,Scenario,Points,Actual_Points,OU
BASKETBALL,NBA,IND PACERS,DET PISTONS,n/a,230.5,252,O
BASKETBALL,NBA,CHA HORNETS,BKN NETS,n/a,205.5,187,U
BASKETBALL,NBA,WAS WIZARDS,TOR RAPTORS,n/a,230.5,188,U
BASKETBALL,NBA,NY KNICKS,DEN NUGGETS,n/a,243.0,234,U
BASKETBALL,NBA,MIA HEAT,CLE CAVALIERS,n/a,226.5,232,O
BASKETBALL,NBA,BOS CELTICS,CHI BULLS,n/a,231.0,222,U
BASKETBALL,NBA,PHI 76ERS,SAC KINGS,n/a,229.0,221,U
BASKETBALL,NBA,NO PELICANS,DAL MAVERICKS,n/a,233.5,273,O
BASKETBALL,NBA,SA SPURS,LA CLIPPERS,n/a,220.5,244,O
BASKETBALL,NBA,PHO SUNS,MIN TIMBERWOLVES,n/a,217.5,234,O
BASKETBALL,NBA,GS WARRIORS,OKC THUNDER,n/a,225.0,225,D
BASKETBALL,NBA,PHI 76ERS,LA LAKERS,n/a,217.0,222,O
BASKETBALL,NBA,ATL HAWKS,HOU ROCKETS,n/a,227.0,196,U
BASKETBALL,NBA,POR TRAIL BLAZERS,MIL BUCKS,n/a,229.0,237,O
BASKETBALL,NBA,GS WARRIORS,UTA JAZZ,n/a,229.5,217,U
BASKETBALL,NBA,CHA HORNETS,LA LAKERS,n/a,222.0,219,U
BASKETBALL,NBA,CLE CAVALIERS,DET PISTONS,n/a,235.0,201,U
BASKETBALL,NBA,BOS CELTICS,HOU ROCKETS,n/a,222.0,226,O
BASKETBALL,NBA,NY KNICKS,MEM GRIZZLIES,n/a,241.5,249,O
BASKETBALL,NBA,BKN NETS,SAC KINGS,n/a,225.0,206,U
BASKETBALL,NBA,MIA HEAT,ORL MAGIC,n/a,209.5,244,O
BASKETBALL,NBA,TOR RAPTORS,NO PELICANS,n/a,233.5,217,U
BASKETBALL,NBA,CHI BULLS,DEN NUGGETS,n/a,248.0,250,O
BASKETBALL,NBA,MIN TIMBERWOLVES,ATL HAWKS,n/a,217.5,192,U
BASKETBALL,NBA,DAL MAVERICKS,WAS WIZARDS,n/a,231.5,238,O
BASKETBALL,NBA,UTA JAZZ,MIL BUCKS,n/a,237.5,235,U
BASKETBALL,NBA,PHO SUNS,LA CLIPPERS,n/a,224.5,220,U
FOOTBALL,NFL,PHI EAGLES,WAS COMMANDERS,PLAYOFFS,47.5,78,O
FOOTBALL,NFL,KC CHIEFS,BUF BILLS,PLAYOFFS,49.5,61,O
BASKETBALL,NBA,POR TRAIL BLAZERS,OKC THUNDER,n/a,226.0,226,D
BASKETBALL,NBA,SA SPURS,IND PACERS,n/a,229.5,234,O
BASKETBALL,NBA,MIN TIMBERWOLVES,DEN NUGGETS,n/a,228.5,237,O
BASKETBALL,NBA,DAL MAVERICKS,BOS CELTICS,n/a,224.0,229,O
BASKETBALL,NBA,BKN NETS,MIA HEAT,n/a,209.0,203,U
BASKETBALL,NBA,ORL MAGIC,DET PISTONS,n/a,209.5,234,O
BASKETBALL,NBA,CHA HORNETS,NO PELICANS,n/a,230.5,215,U
BASKETBALL,NBA,NY KNICKS,SAC KINGS,n/a,231.5,263,O
BASKETBALL,NBA,CLE CAVALIERS,HOU ROCKETS,n/a,228.0,266,O
BASKETBALL,NBA,ATL HAWKS,TOR RAPTORS,n/a,234.0,211,U
BASKETBALL,NBA,MEM GRIZZLIES,UTA JAZZ,n/a,246.0,228,U
BASKETBALL,NBA,CHI BULLS,PHI 76ERS,n/a,230.5,206,U
BASKETBALL,NBA,GS WARRIORS,LA LAKERS,n/a,218.5,226,O
BASKETBALL,NBA,PHO SUNS,WAS WIZARDS,n/a,233.5,228,U
BASKETBALL,NBA,LA CLIPPERS,MIL BUCKS,n/a,227.0,244,O
BASKETBALL,NBA,PHI 76ERS,CLE CAVALIERS,n/a,228.5,261,O
BASKETBALL,NBA,CHA HORNETS,POR TRAIL BLAZERS,n/a,220.0,199,U
BASKETBALL,NBA,MEM GRIZZLIES,NO PELICANS,n/a,243.5,265,O
BASKETBALL,CBB,BOWLING GREEN,TOLEDO,n/a,160.5,155,U
BASKETBALL,CBB,MARQUETTE,VILLANOVA,n/a,141.5,161,O
BASKETBALL,CBB,OHIO,KENT STATE,n/a,144.0,120,U
BASKETBALL,CBB,STONEHILL,CHICAGO STATE,n/a,133.5,148,O
BASKETBALL,CBB,NORTHERN KENTUCKY,MILWAUKEE,n/a,140.0,138,U
BASKETBALL,CBB,DAYTON,SAINT JOSEPHS,n/a,145.5,149,O
BASKETBALL,CBB,PURDUE,MICHIGAN,n/a,153.0,155,O
BASKETBALL,CBB,IOWA,PENN STATE,n/a,167.5,151,U
BASKETBALL,CBB,WASHINGTON,UCLA,n/a,138.0,125,U
BASKETBALL,NBA,IND PACERS,SA SPURS,n/a,229.5,250,O
BASKETBALL,NBA,ORL MAGIC,POR TRAIL BLAZERS,n/a,212.0,180,U
BASKETBALL,NBA,MIL BUCKS,MIA HEAT,n/a,226.0,221,U
BASKETBALL,NBA,ATL HAWKS,TOR RAPTORS,n/a,234.5,241,O
BASKETBALL,NBA,OKC THUNDER,DAL MAVERICKS,n/a,222.5,236,O
BASKETBALL,NBA,DEN NUGGETS,SAC KINGS,n/a,241.5,255,O
BASKETBALL,NBA,LA LAKERS,BOS CELTICS,n/a,218.5,213,U
BASKETBALL,NBA,LA CLIPPERS,WAS WIZARDS,n/a,225.5,203,U
BASKETBALL,NBA,GS WARRIORS,CHI BULLS,n/a,228.5,237,O
BASKETBALL,CBB,GEORGIA SOUTHERN,COASTAL CAROLINA,n/a,139.5,143,O
BASKETBALL,CBB,LOUISIANA,TEXAS STATE,n/a,144.0,163,O
BASKETBALL,CBB,WILLIAM & MARY,HAMPTON,n/a,147.0,177,O
BASKETBALL,CBB,UMASS LOWELL,MAINE,n/a,146.0,171,O
BASKETBALL,CBB,BELLARMINE,FLORIDA GULF COAST,n/a,141.5,138,U
BASKETBALL,CBB,MEMPHIS,WICHITA STATE,n/a,156.0,114,U
BASKETBALL,CBB,ELON,MONMOUTH,n/a,137.5,154,O
BASKETBALL,CBB,TOWSON,NORTH CAROLINA A&T,n/a,141.5,150,O
BASKETBALL,CBB,VERMONT,NJIT,n/a,122.5,132,O
BASKETBALL,CBB,LOUISIANA TECH,WESTERN KENTUCKY,n/a,145.0,144,U
BASKETBALL,CBB,GEORGIA STATE,MARSHALL,n/a,150.0,171,O
BASKETBALL,CBB,NEW HAMPSHIRE,BRYANT,n/a,149.0,171,O
BASKETBALL,CBB,EASTERN KENTUCKY,STETSON,n/a,155.5,133,U
BASKETBALL,CBB,CHARLESTON,UNC WILMINGTON,n/a,153.0,168,O
BASKETBALL,CBB,WEST GEORGIA,JACKSONVILLE,n/a,138.0,141,O
BASKETBALL,CBB,NORTHEASTERN,DREXEL,n/a,134.5,131,U
BASKETBALL,CBB,SAINT PETERS,MERRIMACK,n/a,121.5,85,U
BASKETBALL,CBB,CHATTANOOGA,SAMFORD,n/a,154.5,142,U
BASKETBALL,CBB,QUEENS NC,NORTH FLORIDA,n/a,168.0,171,O
BASKETBALL,CBB,NORTH ALABAMA,LIPSCOMB,n/a,147.0,138,U
BASKETBALL,CBB,SAM HOUSTON,MIDDLE TENNESSEE,n/a,150.0,152,O
BASKETBALL,CBB,CENTRAL ARKANSAS,AUSTIN PEAY,n/a,135.5,144,O
BASKETBALL,CBB,ORAL ROBERTS,DENVER,n/a,148.0,138,U
BASKETBALL,CBB,UMKC,SOUTH DAKOTA STATE,n/a,142.0,129,U
BASKETBALL,CBB,NORTH DAKOTA,SOUTH DAKOTA,n/a,176.0,195,O
BASKETBALL,CBB,ABILENE CHRISTIAN,TARLETON STATE,n/a,129.5,123,U
BASKETBALL,CBB,UT ARLINGTON,SEATTLE,n/a,145.5,121,U
BASKETBALL,CBB,OMAHA,SAINT THOMAS MN,n/a,154.0,167,O
BASKETBALL,CBB,SOUTHERN UTAH,GRAND CANYON,n/a,154.0,133,U
BASKETBALL,CBB,WESTERN ILLINOIS,LITTLE ROCK,n/a,131.0,113,U
BASKETBALL,CBB,SIU EDWARDSVILLE,SOUTHERN INDIANA,n/a,136.5,158,O
BASKETBALL,CBB,TENNESSEE STATE,TENNESSEE TECH,n/a,148.0,166,O
BASKETBALL,CBB,LINDENWOOD,SE MISSOURI STATE,n/a,142.5,140,U
BASKETBALL,CBB,ILLINOIS,MARYLAND,n/a,158.0,161,O
BASKETBALL,CBB,SAINT MARYS,SAN FRANCISCO,n/a,136.0,122,U
BASKETBALL,CBB,NEW MEXICO STATE,KENNESAW STATE,n/a,149.5,125,U
BASKETBALL,CBB,ARKANSAS STATE,APPALACHIAN STATE,n/a,137.5,120,U
BASKETBALL,CBB,UTEP,JACKSONVILLE STATE,n/a,138.0,139,O
BASKETBALL,CBB,UC DAVIS,HAWAII,n/a,135.0,134,U
BASKETBALL,CBB,EASTERN ILLINOIS,MOREHEAD STATE,n/a,130.5,139,O
BASKETBALL,CBB,IDAHO,NORTHERN COLORADO,n/a,153.0,153,D
BASKETBALL,CBB,EASTERN WASHINGTON,NORTHERN ARIZONA,n/a,148.5,131,U
BASKETBALL,CBB,OREGON STATE,PEPPERDINE,n/a,142.5,146,O
BASKETBALL,CBB,UC SAN DIEGO,UC SANTA BARBARA,n/a,137.5,140,O
BASKETBALL,CBB,CSUN,LONG BEACH STATE,n/a,147.5,162,O
BASKETBALL,CBB,UC RIVERSIDE,UC IRVINE,n/a,142.5,164,O
BASKETBALL,CBB,PACIFIC,LOYOLA MARYMOUNT,n/a,140.5,141,O
BASKETBALL,CBB,CAL STATE FULLERTON,CSU BAKERSFIELD,n/a,142.5,139,U
BASKETBALL,CBB,PORTLAND STATE,WEBER STATE,n/a,138.0,130,U
BASKETBALL,CBB,SACRAMENTO STATE,IDAHO STATE,n/a,129.5,146,O
BASKETBALL,CBB,PORTLAND,SAN DIEGO,n/a,147.0,174,O
BASKETBALL,CBB,SANTA CLARA,WASHINGTON STATE,n/a,158.5,158,U
BASKETBALL,CBB,CALIFORNIA BAPTIST,UTAH VALLEY,n/a,141.0,143,O
BASKETBALL,NBA,BKN NETS,PHO SUNS,n/a,216.0,192,U
BASKETBALL,NBA,DAL MAVERICKS,MIN TIMBERWOLVES,n/a,215.0,229,O
BASKETBALL,NBA,ATL HAWKS,DET PISTONS,n/a,234.0,218,U
BASKETBALL,NBA,OKC THUNDER,UTA JAZZ,n/a,230.5,237,O
BASKETBALL,NBA,HOU ROCKETS,CLE CAVALIERS,n/a,229.0,217,U
BASKETBALL,NBA,MEM GRIZZLIES,CHA HORNETS,n/a,241.0,252,O
BASKETBALL,NBA,SAC KINGS,GS WARRIORS,n/a,230.0,240,O
BASKETBALL,NBA,LA CLIPPERS,BOS CELTICS,n/a,218.0,230,O
BASKETBALL,CBB,HOUSTON,UTAH,n/a,133.5,106,U
BASKETBALL,CBB,VMI,FURMAN,n/a,143.5,173,O
BASKETBALL,CBB,YOUNGSTOWN STATE,ROBERT MORRIS,n/a,144.0,142,U
BASKETBALL,CBB,TCU,KANSAS,n/a,135.5,135,U
BASKETBALL,CBB,NORTHWESTERN,INDIANA,n/a,139.5,149,O
BASKETBALL,CBB,SOUTH CAROLINA,FLORIDA,n/a,147.0,139,U
BASKETBALL,CBB,GEORGIA TECH,VIRGINIA TECH,n/a,142.5,135,U
BASKETBALL,CBB,UNC GREENSBORO,MERCER,n/a,146.0,157,O
BASKETBALL,CBB,WOFFORD,THE CITADEL,n/a,134.5,147,O
BASKETBALL,CBB,OLD DOMINION,JAMES MADISON,n/a,137.0,134,U
BASKETBALL,CBB,USC UPSTATE,HIGH POINT,n/a,161.5,163,O
BASKETBALL,CBB,CLEVELAND STATE,DETROIT MERCY,n/a,137.5,115,U
BASKETBALL,CBB,UMASS,GEORGE WASHINGTON,n/a,155.5,135,U
BASKETBALL,CBB,ETSU,WESTERN CAROLINA,n/a,142.0,143,O
BASKETBALL,CBB,CHARLOTTE,SOUTH FLORIDA,n/a,144.5,130,U
BASKETBALL,CBB,OAKLAND,PURDUE FORT WAYNE,n/a,144.5,148,O
BASKETBALL,CBB,WRIGHT STATE,MILWAUKEE,n/a,154.0,174,O
BASKETBALL,CBB,AMERICAN,LEHIGH,n/a,135.5,135,U
BASKETBALL,CBB,SOUTHERN ILLINOIS,MURRAY STATE,n/a,137.5,138,O
BASKETBALL,CBB,RADFORD,LONGWOOD,n/a,143.0,151,O
BASKETBALL,CBB,GREEN BAY,IU INDIANAPOLIS,n/a,142.0,163,O
BASKETBALL,CBB,LOYOLA MARYLAND,LAFAYETTE,n/a,137.5,139,O
BASKETBALL,CBB,NAVY,BOSTON UNIVERSITY,n/a,132.0,109,U
BASKETBALL,CBB,GARDNER-WEBB,UNC ASHEVILLE,n/a,161.5,114,U
BASKETBALL,CBB,DRAKE,VALPARAISO,n/a,129.5,152,O
BASKETBALL,CBB,PRESBYTERIAN,CHARLESTON SOUTHERN,n/a,140.0,132,U
BASKETBALL,CBB,NORTH TEXAS,TEMPLE,n/a,130.5,143,O
BASKETBALL,CBB,SAINT LOUIS,LA SALLE,n/a,153.0,116,U
BASKETBALL,CBB,COLORADO STATE,BOISE STATE,n/a,140.0,147,O
BASKETBALL,CBB,EVANSVILLE,ILLINOIS CHICAGO,n/a,142.0,145,O
BASKETBALL,CBB,OLE MISS,TEXAS A&M,n/a,141.0,125,U
BASKETBALL,CBB,NEBRASKA,USC,n/a,143.5,151,O
BASKETBALL,CBB,BAYLOR,KANSAS STATE,n/a,141.0,132,U
BASKETBALL,CBB,ARKANSAS,GEORGIA,n/a,140.0,133,U
BASKETBALL,CBB,UTAH STATE,NEVADA,n/a,141.5,159,O
BASKETBALL,CBB,CALIFORNIA,FLORIDA STATE,n/a,150.0,145,U
BASKETBALL,CBB,AIR FORCE,SAN DIEGO STATE,n/a,129.0,153,O
BASKETBALL,CBB,STANFORD,MIAMI FL,n/a,150.5,139,U
BASKETBALL,NBA,DEN NUGGETS,PHI 76ERS,n/a,232.0,253,O
BASKETBALL,NBA,LA LAKERS,WAS WIZARDS,n/a,228.0,199,U
BASKETBALL,CBB,TEXAS,MISSOURI,n/a,147.5,114,U
BASKETBALL,CBB,SMU,LOUISVILLE,n/a,159.0,171,O
BASKETBALL,CBB,WEST VIRGINIA,ARIZONA STATE,n/a,134.5,122,U
BASKETBALL,CBB,IOWA,MINNESOTA,n/a,151.0,139,U
BASKETBALL,CBB,WAKE FOREST,NORTH CAROLINA,n/a,148.0,133,U
BASKETBALL,CBB,DEPAUL,CREIGHTON,n/a,144.0,122,U
BASKETBALL,CBB,OKLAHOMA STATE,ARIZONA,n/a,153.0,170,O
BASKETBALL,CBB,UCLA,WISCONSIN,n/a,142.0,168,O
BASKETBALL,CBB,OREGON,WASHINGTON,n/a,145.0,153,O
BASKETBALL,CBB,UNLV,WYOMING,n/a,133.0,124,U
BASKETBALL,NBA,CHA HORNETS,DAL MAVERICKS,n/a,221.5,215,U
BASKETBALL,NBA,HOU ROCKETS,DET PISTONS,n/a,223.5,203,U
BASKETBALL,NBA,MEM GRIZZLIES,MIN TIMBERWOLVES,n/a,237.5,214,U
BASKETBALL,NBA,NY KNICKS,ATL HAWKS,n/a,238.0,229,U
BASKETBALL,NBA,CLE CAVALIERS,PHO SUNS,n/a,237.0,210,U
BASKETBALL,NBA,GS WARRIORS,BOS CELTICS,n/a,224.0,210,U
BASKETBALL,NBA,NO PELICANS,UTA JAZZ,n/a,229.5,242,O
BASKETBALL,NBA,LA CLIPPERS,CHI BULLS,n/a,227.0,211,U
FOOTBALL,CFB,NOTRE DAME,OHIO STATE,NATIONAL CHAMPIONSHIP,45.5,57,O
BASKETBALL,CBB,UNC WILMINGTON,WILLIAM & MARY,n/a,155.0,159,O
BASKETBALL,CBB,YALE,DARTMOUTH,n/a,153.0,150,U
BASKETBALL,CBB,HARVARD,PENNSYLVANIA,n/a,140.5,149,O
BASKETBALL,CBB,NORTHWESTERN STATE,NEW ORLEANS,n/a,143.5,134,U
BASKETBALL,CBB,EAST TEXAS A&M,SE LOUISIANA,n/a,137.5,144,O
BASKETBALL,CBB,NICHOLLS STATE,LAMAR,n/a,141.5,152,O
BASKETBALL,CBB,PRAIRIE VIEW,ALCORN,n/a,142.5,148,O
BASKETBALL,CBB,MCNEESE,STEPHEN F AUSTIN,n/a,133.5,138,O
BASKETBALL,CBB,TEXAS SOUTHERN,JACKSON STATE,n/a,142.0,154,O
BASKETBALL,CBB,NEW MEXICO,FRESNO STATE,n/a,162.5,162,U
BASKETBALL,CBB,INCARNATE WORD,UT RIO GRANDE VALLEY,n/a,147.5,163,O
BASKETBALL,CBB,VILLANOVA,GEORGETOWN,n/a,136.5,127,U
BASKETBALL,CBB,PENN STATE,RUTGERS,n/a,156.0,152,U
BASKETBALL,CBB,FLORIDA A&M,MISSISSIPPI VALLEY,n/a,136.5,136,U
BASKETBALL,CBB,BETHUNE-COOKMAN,ARKANSAS-PINE BLUFF,n/a,154.5,137,U
BASKETBALL,CBB,HOUSTON CHRISTIAN,A&M-CORPUS CHRISTI,n/a,145.5,148,O
BASKETBALL,CBB,CHICAGO STATE,FAIRLEIGH DICKINSON,n/a,145.0,106,U
BASKETBALL,CBB,MONTANA STATE,EASTERN WASHINGTON,n/a,144.5,138,U
BASKETBALL,CBB,MONTANA,IDAHO,n/a,150.0,139,U
BASKETBALL,CBB,NORTH CAROLINA A&T,HAMPTON,n/a,146.0,147,O
BASKETBALL,NBA,MIA HEAT,SA SPURS,n/a,220.0,235,O
BASKETBALL,NBA,ORL MAGIC,DEN NUGGETS,n/a,221.5,213,U
BASKETBALL,NBA,OKC THUNDER,BKN NETS,n/a,217.5,228,O
BASKETBALL,NBA,MIL BUCKS,PHI 76ERS,n/a,223.0,232,O
BASKETBALL,NBA,LA CLIPPERS,LA LAKERS,n/a,215.0,218,O
BASKETBALL,NBA,SAC KINGS,WAS WIZARDS,n/a,232.5,223,U
BASKETBALL,NBA,POR TRAIL BLAZERS,CHI BULLS,n/a,235.5,215,U
FOOTBALL,NFL,KC CHIEFS,HOU TEXANS,PLAYOFFS,41.5,37,U
FOOTBALL,NFL,DET LIONS,WAS COMMANDERS,PLAYOFFS,55.5,76,O
FOOTBALL,NFL,PHI EAGLES,LA RAMS,PLAYOFFS,42.5,50,O
FOOTBALL,NFL,BUF BILLS,BAL RAVENS,PLAYOFFS,51.5,52,O
BASKETBALL,NBA,DET PISTONS,PHO SUNS,n/a,227.5,246,O
BASKETBALL,NBA,IND PACERS,PHI 76ERS,n/a,225.0,217,U
BASKETBALL,NBA,BOS CELTICS,ATL HAWKS,n/a,235.5,234,U
BASKETBALL,NBA,GS WARRIORS,WAS WIZARDS,n/a,229.0,236,O
BASKETBALL,NBA,MIN TIMBERWOLVES,CLE CAVALIERS,n/a,226.5,241,O
BASKETBALL,NBA,POR TRAIL BLAZERS,HOU ROCKETS,n/a,223.0,228,O
BASKETBALL,NBA,BOS CELTICS,ORL MAGIC,n/a,213.0,215,O
BASKETBALL,NBA,NY KNICKS,MIN TIMBERWOLVES,n/a,218.5,215,U
BASKETBALL,NBA,MIL BUCKS,TOR RAPTORS,n/a,232.0,242,O
BASKETBALL,NBA,CHI BULLS,CHA HORNETS,n/a,235.5,248,O
BASKETBALL,NBA,MIA HEAT,DEN NUGGETS,n/a,226.5,246,O
BASKETBALL,NBA,NO PELICANS,UTA JAZZ,n/a,229.5,259,O
BASKETBALL,NBA,DAL MAVERICKS,OKC THUNDER,n/a,224.5,204,U
BASKETBALL,NBA,SA SPURS,MEM GRIZZLIES,n/a,240.0,252,O
BASKETBALL,NBA,LA LAKERS,BKN NETS,n/a,217.5,203,U
BASKETBALL,CBB,AKRON,OHIO,n/a,160.0,172,O
BASKETBALL,CBB,VILLANOVA,PROVIDENCE,n/a,140.5,148,O
BASKETBALL,CBB,SAINT JOSEPHS,VCU,n/a,142.5,147,O
BASKETBALL,CBB,GREEN BAY,ROBERT MORRIS,n/a,144.5,156,O
BASKETBALL,CBB,GEORGETOWN,DEPAUL,n/a,141.0,141,D
BASKETBALL,CBB,OHIO STATE,INDIANA,n/a,148.5,153,O
BASKETBALL,CBB,MILWAUKEE,YOUNGSTOWN STATE,n/a,145.5,143,U
BASKETBALL,CBB,UCLA,IOWA,n/a,151.5,164,O
BASKETBALL,CBB,FRESNO STATE,AIR FORCE,n/a,141.0,139,U
BASKETBALL,CBB,NEW MEXICO,BOISE STATE,n/a,151.5,149,U
BASKETBALL,NBA,DET PISTONS,IND PACERS,n/a,229.0,211,U
BASKETBALL,NBA,WAS WIZARDS,PHO SUNS,n/a,231.5,253,O
BASKETBALL,NBA,OKC THUNDER,CLE CAVALIERS,n/a,233.0,248,O
BASKETBALL,NBA,SAC KINGS,HOU ROCKETS,n/a,226.5,259,O
BASKETBALL,NBA,POR TRAIL BLAZERS,LA CLIPPERS,n/a,219.5,207,U
BASKETBALL,CBB,UMBC,NEW HAMPSHIRE,n/a,152.0,155,O
BASKETBALL,CBB,FLORIDA GULF COAST,WEST GEORGIA,n/a,142.5,142,U
BASKETBALL,CBB,BELLARMINE,LIPSCOMB,n/a,145.5,140,U
BASKETBALL,CBB,MINNESOTA,MICHIGAN,n/a,144.5,165,O
BASKETBALL,CBB,TEMPLE,MEMPHIS,n/a,156.5,169,O
BASKETBALL,CBB,JAMES MADISON,MARSHALL,n/a,145.0,131,U
BASKETBALL,CBB,CAMPBELL,CHARLESTON,n/a,150.5,128,U
BASKETBALL,CBB,RIDER,MOUNT SAINT MARYS,n/a,138.5,126,U
BASKETBALL,CBB,NORTH FLORIDA,CENTRAL ARKANSAS,n/a,158.5,172,O
BASKETBALL,CBB,UNC WILMINGTON,NORTHEASTERN,n/a,141.5,152,O
BASKETBALL,CBB,FIU,NEW MEXICO STATE,n/a,143.0,111,U
BASKETBALL,CBB,QUINNIPIAC,MERRIMACK,n/a,134.0,157,O
BASKETBALL,CBB,COASTAL CAROLINA,GEORGIA SOUTHERN,n/a,141.0,175,O
BASKETBALL,CBB,DREXEL,ELON,n/a,134.0,119,U
BASKETBALL,CBB,OLD DOMINION,APPALACHIAN STATE,n/a,135.0,105,U
BASKETBALL,CBB,JACKSONVILLE STATE,LOUISIANA TECH,n/a,140.0,124,U
BASKETBALL,CBB,HAMPTON,WILLIAM & MARY,n/a,151.0,131,U
BASKETBALL,CBB,STETSON,QUEENS NC,n/a,156.5,155,U
BASKETBALL,CBB,LONGWOOD,HIGH POINT,n/a,153.0,162,O
BASKETBALL,CBB,KENNESAW STATE,SAM HOUSTON,n/a,162.5,144,U
BASKETBALL,CBB,NORTH CAROLINA A&T,MONMOUTH,n/a,153.5,135,U
BASKETBALL,CBB,JACKSONVILLE,NORTH ALABAMA,n/a,142.5,124,U
BASKETBALL,CBB,ARKANSAS STATE,LOUISIANA,n/a,147.5,146,U
BASKETBALL,CBB,SOUTH DAKOTA STATE,NORTH DAKOTA,n/a,156.5,182,O
BASKETBALL,CBB,NORTH DAKOTA STATE,UMKC,n/a,140.0,135,U
BASKETBALL,CBB,SOUTH DAKOTA,ORAL ROBERTS,n/a,173.0,174,O
BASKETBALL,CBB,NORTHERN ARIZONA,SACRAMENTO STATE,n/a,136.5,130,U
BASKETBALL,CBB,NORTHERN COLORADO,PORTLAND STATE,n/a,154.5,141,U
BASKETBALL,CBB,UT ARLINGTON,UTAH VALLEY,n/a,146.0,168,O
BASKETBALL,CBB,TARLETON STATE,CALIFORNIA BAPTIST,n/a,131.0,124,U
BASKETBALL,CBB,AUSTIN PEAY,EASTERN KENTUCKY,n/a,142.0,187,O
BASKETBALL,CBB,UT MARTIN,EASTERN ILLINOIS,n/a,136.5,131,U
BASKETBALL,CBB,TENNESSEE STATE,SIU EDWARDSVILLE,n/a,142.0,167,O
BASKETBALL,CBB,SOUTHERN INDIANA,LINDENWOOD,n/a,141.0,153,O
BASKETBALL,CBB,TENNESSEE TECH,SE MISSOURI STATE,n/a,143.0,147,O
BASKETBALL,CBB,NEBRASKA,RUTGERS,n/a,146.5,167,O
BASKETBALL,CBB,NORTHWESTERN,MARYLAND,n/a,140.0,150,O
BASKETBALL,CBB,LIBERTY,UTEP,n/a,134.5,142,O
BASKETBALL,CBB,GRAND CANYON,ABILENE CHRISTIAN,n/a,144.0,146,O
BASKETBALL,CBB,IDAHO STATE,MONTANA STATE,n/a,138.0,137,U
BASKETBALL,CBB,WEBER STATE,MONTANA,n/a,146.0,122,U
BASKETBALL,CBB,SAN DIEGO,WASHINGTON STATE,n/a,153.5,126,U
BASKETBALL,CBB,PEPPERDINE,SAN FRANCISCO,n/a,149.0,143,U
BASKETBALL,CBB,UC IRVINE,CAL STATE FULLERTON,n/a,135.5,144,O
BASKETBALL,CBB,SEATTLE,UTAH TECH,n/a,141.5,144,O
BASKETBALL,CBB,LONG BEACH STATE,UC SAN DIEGO,n/a,135.5,134,U
BASKETBALL,CBB,LOYOLA MARYMOUNT,SANTA CLARA,n/a,148.5,111,U
BASKETBALL,CBB,UC SANTA BARBARA,UC RIVERSIDE,n/a,140.0,129,U
BASKETBALL,CBB,CAL POLY,UC DAVIS,n/a,156.5,119,U
BASKETBALL,CBB,PORTLAND,PACIFIC,n/a,148.0,165,O
BASKETBALL,CBB,OREGON STATE,GONZAGA,n/a,151.0,186,O
BASKETBALL,CBB,HAWAII,CSUN,n/a,146.0,143,U
BASKETBALL,NBA,PHI 76ERS,NY KNICKS,n/a,220.0,224,O
BASKETBALL,NBA,TOR RAPTORS,BOS CELTICS,n/a,229.5,207,U
BASKETBALL,NBA,MIL BUCKS,ORL MAGIC,n/a,212.0,215,O
BASKETBALL,NBA,SA SPURS,MEM GRIZZLIES,n/a,238.5,244,O
BASKETBALL,NBA,CHI BULLS,ATL HAWKS,n/a,243.0,204,U
BASKETBALL,NBA,NO PELICANS,DAL MAVERICKS,n/a,224.5,235,O
BASKETBALL,NBA,DEN NUGGETS,HOU ROCKETS,n/a,231.5,236,O
BASKETBALL,NBA,UTA JAZZ,CHA HORNETS,n/a,220.5,229,O
BASKETBALL,NBA,MIN TIMBERWOLVES,GS WARRIORS,n/a,215.0,231,O
BASKETBALL,NBA,LA LAKERS,MIA HEAT,n/a,216.0,225,O
BASKETBALL,NBA,LA CLIPPERS,BKN NETS,n/a,213.5,193,U
BASKETBALL,CBB,VANDERBILT,SOUTH CAROLINA,n/a,141.0,129,U
BASKETBALL,CBB,BOSTON UNIVERSITY,LEHIGH,n/a,132.5,121,U
BASKETBALL,CBB,VMI,WESTERN CAROLINA,n/a,146.5,116,U
BASKETBALL,CBB,WAKE FOREST,STANFORD,n/a,141.0,147,O
BASKETBALL,CBB,WINTHROP,CHARLESTON SOUTHERN,n/a,159.5,199,O
BASKETBALL,CBB,LA SALLE,DAVIDSON,n/a,149.0,155,O
BASKETBALL,CBB,UNC ASHEVILLE,USC UPSTATE,n/a,162.5,185,O
BASKETBALL,CBB,IOWA STATE,KANSAS,n/a,143.5,131,U
BASKETBALL,CBB,NORTH CAROLINA,CALIFORNIA,n/a,161.5,132,U
BASKETBALL,CBB,DAYTON,GEORGE MASON,n/a,136.0,126,U
BASKETBALL,CBB,BUTLER,SETON HALL,n/a,137.0,159,O
BASKETBALL,CBB,OAKLAND,IU INDIANAPOLIS,n/a,135.0,131,U
BASKETBALL,CBB,VIRGINIA TECH,NC STATE,n/a,133.0,155,O
BASKETBALL,CBB,MERCER,SAMFORD,n/a,166.0,149,U
BASKETBALL,CBB,GEORGE WASHINGTON,DUQUESNE,n/a,136.5,138,O
BASKETBALL,CBB,UNC GREENSBORO,THE CITADEL,n/a,131.5,127,U
BASKETBALL,CBB,CLEVELAND STATE,NORTHERN KENTUCKY,n/a,131.5,134,O
BASKETBALL,CBB,FURMAN,ETSU,n/a,141.5,143,O
BASKETBALL,CBB,SOUTH FLORIDA,UAB,n/a,156.5,175,O
BASKETBALL,CBB,RADFORD,GARDNER-WEBB,n/a,145.5,154,O
BASKETBALL,CBB,CHATTANOOGA,WOFFORD,n/a,146.5,164,O
BASKETBALL,CBB,BUCKNELL,HOLY CROSS,n/a,134.5,168,O
BASKETBALL,CBB,WRIGHT STATE,PURDUE FORT WAYNE,n/a,153.0,233,O
BASKETBALL,CBB,MISSOURI STATE,SOUTHERN ILLINOIS,n/a,136.0,124,U
BASKETBALL,CBB,MICHIGAN STATE,PENN STATE,n/a,154.0,175,O
BASKETBALL,CBB,ULM,TROY,n/a,136.5,135,U
BASKETBALL,CBB,TULANE,FLORIDA ATLANTIC,n/a,153.5,145,U
BASKETBALL,CBB,TENNESSEE,GEORGIA,n/a,133.5,130,U
BASKETBALL,CBB,HOUSTON,WEST VIRGINIA,n/a,124.0,124,D
BASKETBALL,CBB,BRADLEY,INDIANA STATE,n/a,155.5,183,O
BASKETBALL,CBB,TEXAS STATE,GEORGIA STATE,n/a,147.0,174,O
BASKETBALL,CBB,TCU,UTAH,n/a,141.5,138,U
BASKETBALL,CBB,SOUTH ALABAMA,SOUTHERN MISS,n/a,139.0,137,U
BASKETBALL,CBB,ILLINOIS CHICAGO,MURRAY STATE,n/a,138.5,190,O
BASKETBALL,CBB,DRAKE,ILLINOIS STATE,n/a,124.0,128,O
BASKETBALL,CBB,VIRGINIA,SMU,n/a,134.5,106,U
BASKETBALL,CBB,FLORIDA STATE,PITTSBURGH,n/a,148.0,152,O
BASKETBALL,CBB,COLORADO,CINCINNATI,n/a,135.5,130,U
BASKETBALL,CBB,LOYOLA CHICAGO,RHODE ISLAND,n/a,145.5,158,O
BASKETBALL,CBB,DENVER,OMAHA,n/a,148.5,142,U
BASKETBALL,CBB,WASHINGTON,PURDUE,n/a,145.5,137,U
BASKETBALL,CBB,OKLAHOMA,TEXAS,n/a,149.0,150,O
BASKETBALL,CBB,UNLV,UTAH STATE,n/a,148.5,127,U
BASKETBALL,NBA,IND PACERS,CLE CAVALIERS,n/a,232.5,244,O
BASKETBALL,NBA,PHI 76ERS,OKC THUNDER,n/a,219.0,220,O
BASKETBALL,NBA,ATL HAWKS,PHO SUNS,n/a,235.5,239,O
BASKETBALL,NBA,MIL BUCKS,SAC KINGS,n/a,230.0,245,O
BASKETBALL,NBA,CHI BULLS,NO PELICANS,n/a,241.0,232,U
BASKETBALL,NBA,DAL MAVERICKS,DEN NUGGETS,n/a,234.0,217,U
BASKETBALL,NBA,POR TRAIL BLAZERS,BKN NETS,n/a,218.5,246,O
BASKETBALL,CBB,XAVIER,VILLANOVA,n/a,145.5,132,U
BASKETBALL,CBB,KENTUCKY,TEXAS A&M,n/a,158.5,150,U
BASKETBALL,CBB,AUBURN,MISSISSIPPI STATE,n/a,150.5,154,O
BASKETBALL,CBB,ALABAMA,OLE MISS,n/a,163.5,138,U
BASKETBALL,CBB,DEPAUL,MARQUETTE,n/a,147.5,168,O
BASKETBALL,CBB,INDIANA,ILLINOIS,n/a,157.5,163,O
BASKETBALL,CBB,OHIO,BALL STATE,n/a,152.5,157,O
BASKETBALL,CBB,VCU,SAINT LOUIS,n/a,147.5,140,U
BASKETBALL,CBB,KENT STATE,WESTERN MICHIGAN,n/a,139.5,177,O
BASKETBALL,CBB,AKRON,TOLEDO,n/a,162.5,163,O
BASKETBALL,CBB,NORTHERN ILLINOIS,MIAMI OH,n/a,148.0,153,O
BASKETBALL,CBB,EAST CAROLINA,NORTH TEXAS,n/a,127.5,129,O
BASKETBALL,CBB,CENTRAL MICHIGAN,EASTERN MICHIGAN,n/a,141.0,145,O
BASKETBALL,CBB,WICHITA STATE,CHARLOTTE,n/a,149.0,127,U
BASKETBALL,CBB,BELMONT,VALPARAISO,n/a,159.0,135,U
BASKETBALL,CBB,NORTHERN IOWA,EVANSVILLE,n/a,133.5,129,U
BASKETBALL,CBB,RICE,UTSA,n/a,145.0,174,O
BASKETBALL,CBB,CREIGHTON,PROVIDENCE,n/a,144.0,148,O
BASKETBALL,CBB,SE MISSOURI STATE,LITTLE ROCK,n/a,137.0,144,O
BASKETBALL,CBB,FLORIDA,MISSOURI,n/a,154.5,165,O
BASKETBALL,CBB,DUKE,MIAMI FL,n/a,147.5,143,U
BASKETBALL,CBB,WISCONSIN,OHIO STATE,n/a,150.0,138,U
BASKETBALL,CBB,GEORGIA TECH,CLEMSON,n/a,142.0,129,U
BASKETBALL,CBB,BOISE STATE,WYOMING,n/a,132.5,151,O
BASKETBALL,CBB,KANSAS STATE,TEXAS TECH,n/a,144.5,118,U
BASKETBALL,CBB,BYU,OKLAHOMA STATE,n/a,147.5,154,O
BASKETBALL,CBB,LSU,ARKANSAS,n/a,148.5,152,O
BASKETBALL,CBB,NEVADA,AIR FORCE,n/a,126.5,130,O
BASKETBALL,CBB,SAN JOSE STATE,NEW MEXICO,n/a,151.0,141,U
BASKETBALL,CBB,USC,IOWA,n/a,161.5,188,O
BASKETBALL,CBB,ARIZONA STATE,UCF,n/a,147.0,184,O
BASKETBALL,CBB,ARIZONA,BAYLOR,n/a,148.5,151,O
BASKETBALL,CBB,SAN DIEGO STATE,COLORADO STATE,n/a,131.0,135,O
FOOTBALL,NFL,HOU TEXANS,LA CHARGERS,PLAYOFFS,42.5,44,O
FOOTBALL,NFL,BAL RAVENS,PIT STEELERS,PLAYOFFS,43.5,42,U
FOOTBALL,NFL,BUF BILLS,DEN BRONCOS,PLAYOFFS,47.5,38,U
FOOTBALL,NFL,PHI EAGLES,GB PACKERS,PLAYOFFS,45.5,32,U
FOOTBALL,NFL,TB BUCCANEERS,WAS COMMANDERS,PLAYOFFS,50.5,43,U
FOOTBALL,NFL,LA RAMS,MIN VIKINGS,PLAYOFFS,47.5,36,U
BASKETBALL,NBA,WAS WIZARDS,MIN TIMBERWOLVES,n/a,223.0,226,O
BASKETBALL,NBA,NY KNICKS,DET PISTONS,n/a,223.0,243,O
BASKETBALL,NBA,TOR RAPTORS,GS WARRIORS,n/a,228.5,205,U
BASKETBALL,NBA,HOU ROCKETS,MEM GRIZZLIES,n/a,236.0,238,O
BASKETBALL,NBA,LA LAKERS,SA SPURS,n/a,220.5,228,O
BASKETBALL,NBA,LA CLIPPERS,MIA HEAT,n/a,215.0,207,U
BASKETBALL,CBB,ARKANSAS-PINE BLUFF,PRAIRIE VIEW,n/a,165.0,139,U
BASKETBALL,CBB,RUTGERS,UCLA,n/a,138.5,143,O
BASKETBALL,CBB,MARYLAND,MINNESOTA,n/a,138.5,148,O
BASKETBALL,CBB,NOTRE DAME,BOSTON COLLEGE,n/a,140.5,138,U
BASKETBALL,CBB,FURMAN,WOFFORD,n/a,140.5,143,O
BASKETBALL,CBB,MISSISSIPPI VALLEY,TEXAS SOUTHERN,n/a,136.0,135,U
BASKETBALL,CBB,ALCORN,ALABAMA STATE,n/a,143.0,132,U
BASKETBALL,CBB,LOYOLA MARYLAND,AMERICAN,n/a,136.0,127,U
BASKETBALL,CBB,HOWARD,COPPIN STATE,n/a,147.5,165,O
BASKETBALL,CBB,UT RIO GRANDE VALLEY,EAST TEXAS A&M,n/a,148.5,112,U
BASKETBALL,CBB,MORGAN STATE,NORFOLK STATE,n/a,154.0,152,U
BASKETBALL,CBB,SOUTH CAROLINA STATE,MD EASTERN SHORE,n/a,145.0,142,U
BASKETBALL,CBB,SOUTHERN UNIVERSITY,BETHUNE-COOKMAN,n/a,137.0,122,U
BASKETBALL,CBB,NC CENTRAL,DELAWARE STATE,n/a,147.5,147,U
BASKETBALL,CBB,STEPHEN F. AUSTIN,SE LOUISIANA,n/a,133.0,125,U
BASKETBALL,CBB,INCARNATE WORD,NICHOLLS STATE,n/a,144.0,170,O
BASKETBALL,CBB,HOUSTON CHRISTIAN,MCNEESE,n/a,138.0,134,U
BASKETBALL,CBB,LAMAR,NEW ORLEANS,n/a,146.0,130,U
BASKETBALL,CBB,JACKSON STATE,ALABAMA A&M,n/a,144.0,196,O
BASKETBALL,CBB,A&M-CORPUS CHRISTI,NORTHWESTERN STATE,n/a,144.0,137,U
BASKETBALL,CBB,ELON,CAMPBELL,n/a,137.5,149,O
BASKETBALL,CBB,GRAMBLING,FLORIDA A&M,n/a,134.0,151,O
BASKETBALL,NBA,PHO SUNS,UTA JAZZ,n/a,229.0,220,U
BASKETBALL,NBA,DET PISTONS,TOR RAPTORS,n/a,227.5,237,O
BASKETBALL,NBA,MIN TIMBERWOLVES,MEM GRIZZLIES,n/a,232.0,252,O
BASKETBALL,NBA,POR TRAIL BLAZERS,MIA HEAT,n/a,219.0,217,U
BASKETBALL,NBA,ORL MAGIC,MIL BUCKS,n/a,211.5,215,O
BASKETBALL,NBA,PHI 76ERS,NO PELICANS,n/a,221.0,238,O
BASKETBALL,NBA,IND PACERS,GS WARRIORS,n/a,223.5,204,U
BASKETBALL,NBA,NY KNICKS,OKC THUNDER,n/a,225.5,227,O
BASKETBALL,NBA,BOS CELTICS,SAC KINGS,n/a,229.5,211,U
BASKETBALL,NBA,CHI BULLS,WAS WIZARDS,n/a,242.5,243,O
BASKETBALL,NBA,DEN NUGGETS,BKN NETS,n/a,219.0,229,O
FOOTBALL,CFB,TEXAS,OHIO STATE,n/a,53.5,42,U
BASKETBALL,CBB,WISCONSIN,MINNESOTA,n/a,140.5,139,U
BASKETBALL,CBB,SAINT FRANCIS PA,MERCYHURST,n/a,135.5,132,U
BASKETBALL,CBB,MARYLAND,UCLA,n/a,138.0,140,O
BASKETBALL,CBB,TOLEDO,CENTRAL MICHIGAN,n/a,153.0,136,U
BASKETBALL,NBA,ORL MAGIC,MIN TIMBERWOLVES,n/a,199.5,193,U
BASKETBALL,NBA,DET PISTONS,GS WARRIORS,n/a,220.0,211,U
BASKETBALL,NBA,CLE CAVALIERS,TOR RAPTORS,n/a,235.5,258,O
BASKETBALL,NBA,MEM GRIZZLIES,HOU ROCKETS,n/a,234.0,234,D
BASKETBALL,NBA,DAL MAVERICKS,POR TRAIL BLAZERS,n/a,220.5,228,O
BASKETBALL,NBA,PHO SUNS,ATL HAWKS,n/a,238.5,238,U
BASKETBALL,NBA,UTA JAZZ,MIA HEAT,n/a,222.0,189,U
FOOTBALL,CFB,PENN STATE,NOTRE DAME,n/a,46.5,51,O
BASKETBALL,CBB,LITTLE ROCK,MOREHEAD STATE,n/a,136.0,112,U
BASKETBALL,CBB,CHATTANOOGA,UNC GREENSBORO,n/a,143.0,153,O
BASKETBALL,CBB,RUTGERS,PURDUE,n/a,147.5,118,U
BASKETBALL,CBB,OHIO STATE,OREGON,n/a,149.0,144,U
BASKETBALL,CBB,UMASS LOWELL,VERMONT,n/a,136.0,130,U
BASKETBALL,CBB,IU INDIANAPOLIS,DETROIT MERCY,n/a,139.0,156,O
BASKETBALL,CBB,BELLARMINE,JACKSONVILLE,n/a,141.0,133,U
BASKETBALL,CBB,TROY,TEXAS STATE,n/a,136.5,147,O
BASKETBALL,CBB,MONMOUTH,UNC WILMINGTON,n/a,145.0,119,U
BASKETBALL,CBB,WRIGHT STATE,OAKLAND,n/a,138.5,128,U
BASKETBALL,CBB,NORTH CAROLINA A&T,DELAWARE,n/a,161.5,186,O
BASKETBALL,CBB,HAMPTON,CAMPBELL,n/a,139.0,121,U
BASKETBALL,CBB,NJIT,UMBC,n/a,146.0,151,O
BASKETBALL,CBB,TOWSON,NORTHEASTERN,n/a,129.0,153,O
BASKETBALL,CBB,MARSHALL,JAMES MADISON,n/a,142.0,158,O
BASKETBALL,CBB,WILLIAM & MARY,ELON,n/a,152.0,143,U
BASKETBALL,CBB,EASTERN KENTUCKY,NORTH FLORIDA,n/a,169.5,153,U
BASKETBALL,CBB,FLORIDA GULF COAST,NORTH ALABAMA,n/a,144.5,145,O
BASKETBALL,CBB,STETSON,CENTRAL ARKANSAS,n/a,146.5,140,U
BASKETBALL,CBB,LOUISIANA TECH,FIU,n/a,139.0,145,O
BASKETBALL,CBB,MIDDLE TENNESSEE,KENNESAW STATE,n/a,158.0,163,O
BASKETBALL,CBB,MICHIGAN STATE,WASHINGTON,n/a,145.0,142,U
BASKETBALL,CBB,ORAL ROBERTS,NORTH DAKOTA STATE,n/a,152.0,206,O
BASKETBALL,CBB,SAMFORD,VMI,n/a,157.5,149,U
BASKETBALL,CBB,SOUTHERN MISS,ULM,n/a,141.5,151,O
BASKETBALL,CBB,LIPSCOMB,QUEENS NC,n/a,154.0,148,U
BASKETBALL,CBB,AUSTIN PEAY,WEST GEORGIA,n/a,131.0,140,O
BASKETBALL,CBB,WESTERN KENTUCKY,JACKSONVILLE STATE,n/a,151.5,140,U
BASKETBALL,CBB,UTAH VALLEY,GRAND CANYON,n/a,144.0,136,U
BASKETBALL,CBB,LOUISIANA,OLD DOMINION,n/a,145.0,131,U
BASKETBALL,CBB,SOUTH ALABAMA,ARKANSAS STATE,n/a,140.0,138,U
BASKETBALL,CBB,SE MISSOURI STATE,SOUTHERN INDIANA,n/a,141.5,143,O
BASKETBALL,CBB,SOUTHERN UTAH,TARLETON STATE,n/a,136.5,140,O
BASKETBALL,CBB,EASTERN ILLINOIS,TENNESSEE TECH,n/a,141.5,133,U
BASKETBALL,CBB,LINDENWOOD,TENNESSEE STATE,n/a,149.0,134,U
BASKETBALL,CBB,WESTERN ILLINOIS,UT MARTIN,n/a,133.5,168,O
BASKETBALL,CBB,UC DAVIS,CAL STATE FULLERTON,n/a,135.5,116,U
BASKETBALL,CBB,MONTANA,NORTHERN ARIZONA,n/a,152.0,157,O
BASKETBALL,CBB,UTAH TECH,UT ARLINGTON,n/a,154.5,136,U
BASKETBALL,CBB,DENVER,NORTH DAKOTA,n/a,152.5,165,O
BASKETBALL,CBB,MONTANA STATE,NORTHERN COLORADO,n/a,152.0,165,O
BASKETBALL,CBB,SAM HOUSTON,LIBERTY,n/a,141.5,144,O
BASKETBALL,CBB,WASHINGTON STATE,PACIFIC,n/a,153.5,189,O
BASKETBALL,CBB,UC SAN DIEGO,CAL POLY,n/a,158.5,163,O
BASKETBALL,CBB,SAN FRANCISCO,PORTLAND,n/a,146.5,153,O
BASKETBALL,CBB,SANTA CLARA,OREGON STATE,n/a,145.5,163,O
BASKETBALL,CBB,UC SANTA BARBARA,CSU BAKERSFIELD,n/a,136.5,144,O
BASKETBALL,CBB,CSUN,UC IRVINE,n/a,147.5,144,U
BASKETBALL,CBB,UC RIVERSIDE,HAWAII,n/a,134.0,159,O
BASKETBALL,CBB,PORTLAND STATE,EASTERN WASHINGTON,n/a,150.0,123,U
BASKETBALL,CBB,SACRAMENTO STATE,IDAHO,n/a,135.0,147,O
BASKETBALL,CBB,HOLY CROSS,NAVY,n/a,142.0,129,U
BASKETBALL,CBB,VILLANOVA,UCONN,n/a,145.0,134,U
BASKETBALL,CBB,SETON HALL,DEPAUL,n/a,133.5,165,O
BASKETBALL,CBB,APPALACHIAN STATE,COASTAL CAROLINA,n/a,127.5,125,U
BASKETBALL,CBB,YOUNGSTOWN STATE,NORTHERN KENTUCKY,n/a,135.0,133,U
BASKETBALL,CBB,LA SALLE,LOYOLA CHICAGO,n/a,148.0,147,U
BASKETBALL,CBB,SOUTH CAROLINA,ALABAMA,n/a,155.0,156,O
BASKETBALL,CBB,ARKANSAS,OLE MISS,n/a,149.0,139,U
BASKETBALL,CBB,INDIANA,USC,n/a,148.5,151,O
BASKETBALL,CBB,GEORGE MASON,RICHMOND,n/a,130.5,122,U
BASKETBALL,CBB,UMASS,DAYTON,n/a,148.0,148,D
BASKETBALL,CBB,THE CITADEL,FURMAN,n/a,138.0,130,U
BASKETBALL,CBB,MIAMI FL,FLORIDA STATE,n/a,154.0,145,U
BASKETBALL,CBB,UCF,COLORADO,n/a,147.0,149,O
BASKETBALL,CBB,WOFFORD,WESTERN CAROLINA,n/a,143.5,146,O
BASKETBALL,CBB,NC STATE,NOTRE DAME,n/a,138.5,131,U
BASKETBALL,CBB,RHODE ISLAND,GEORGE WASHINGTON,n/a,152.5,142,U
BASKETBALL,CBB,CHARLOTTE,FLORIDA ATLANTIC,n/a,154.0,139,U
BASKETBALL,CBB,BRADLEY,DRAKE,n/a,125.0,121,U
BASKETBALL,CBB,NORTHERN IOWA,MURRAY STATE,n/a,138.0,139,O
BASKETBALL,CBB,CHARLESTON SOUTHERN,HIGH POINT,n/a,152.5,172,O
BASKETBALL,CBB,BUCKNELL,LAFAYETTE,n/a,132.0,127,U
BASKETBALL,CBB,EAST CAROLINA,TEMPLE,n/a,145.5,159,O
BASKETBALL,CBB,DUQUESNE,SAINT JOSEPHS,n/a,134.0,166,O
BASKETBALL,CBB,PURDUE FORT WAYNE,MILWAUKEE,n/a,157.5,151,U
BASKETBALL,CBB,LONGWOOD,UNC ASHEVILLE,n/a,154.5,161,O
BASKETBALL,CBB,USC UPSTATE,PRESBYTERIAN,n/a,148.0,144,U
BASKETBALL,CBB,MERCER,ETSU,n/a,152.0,138,U
BASKETBALL,CBB,GARDNER-WEBB,WINTHROP,n/a,158.5,172,O
BASKETBALL,CBB,ROBERT MORRIS,CLEVELAND STATE,n/a,139.0,149,O
BASKETBALL,CBB,BOSTON UNIVERSITY,AMERICAN,n/a,125.5,114,U
BASKETBALL,CBB,BELMONT,SOUTHERN ILLINOIS,n/a,156.0,176,O
BASKETBALL,CBB,EVANSVILLE,ILLINOIS STATE,n/a,132.0,120,U
BASKETBALL,CBB,VALPARAISO,INDIANA STATE,n/a,163.0,193,O
BASKETBALL,CBB,PROVIDENCE,BUTLER,n/a,136.5,149,O
BASKETBALL,CBB,GEORGIA STATE,GEORGIA SOUTHERN,n/a,153.5,160,O
BASKETBALL,CBB,KANSAS,ARIZONA STATE,n/a,142.5,129,U
BASKETBALL,CBB,ILLINOIS,PENN STATE,n/a,164.0,143,U
BASKETBALL,CBB,OKLAHOMA,TEXAS A&M,n/a,146.0,158,O
BASKETBALL,CBB,NORTH TEXAS,RICE,n/a,124.0,140,O
BASKETBALL,CBB,STANFORD,VIRGINIA TECH,n/a,143.0,129,U
BASKETBALL,CBB,GONZAGA,SAN DIEGO,n/a,155.5,173,O
BASKETBALL,CBB,SAINT THOMAS MN,SOUTH DAKOTA STATE,n/a,157.0,145,U
BASKETBALL,CBB,OMAHA,UMKC,n/a,139.5,135,U
BASKETBALL,CBB,SAN DIEGO STATE,AIR FORCE,n/a,130.5,105,U
BASKETBALL,CBB,CALIFORNIA,VIRGINIA,n/a,130.5,136,O
BASKETBALL,NBA,CLE CAVALIERS,OKC THUNDER,n/a,230.0,251,O
BASKETBALL,NBA,IND PACERS,CHI BULLS,n/a,242.5,242,U
BASKETBALL,NBA,PHI 76ERS,WAS WIZARDS,n/a,222.0,212,U
BASKETBALL,NBA,NY KNICKS,TOR RAPTORS,n/a,231.5,210,U
BASKETBALL,NBA,BKN NETS,DET PISTONS,n/a,212.0,211,U
BASKETBALL,NBA,NO PELICANS,POR TRAIL BLAZERS,n/a,225.0,219,U
BASKETBALL,NBA,DEN NUGGETS,LA CLIPPERS,n/a,226.5,229,O
BASKETBALL,NBA,MIL BUCKS,SA SPURS,n/a,226.5,226,U
BASKETBALL,NBA,WAS WIZARDS,HOU ROCKETS,n/a,224.5,247,O
BASKETBALL,NBA,CHA HORNETS,PHO SUNS,n/a,223.5,219,U
BASKETBALL,NBA,DAL MAVERICKS,LA LAKERS,n/a,218.5,215,U
BASKETBALL,NBA,NO PELICANS,MIN TIMBERWOLVES,n/a,222.0,201,U
BASKETBALL,NBA,UTA JAZZ,ATL HAWKS,n/a,238.0,245,O
BASKETBALL,NBA,DEN NUGGETS,BOS CELTICS,n/a,236.5,224,U
BASKETBALL,NBA,GS WARRIORS,MIA HEAT,n/a,218.0,212,U
BASKETBALL,CBB,MORGAN STATE,NC CENTRAL,n/a,155.5,200,O
BASKETBALL,CBB,FLORIDA,TENNESSEE,n/a,148.5,116,U
BASKETBALL,CBB,GEORGIA,KENTUCKY,n/a,153.0,151,U
BASKETBALL,CBB,DUKE,PITTSBURGH,n/a,143.0,123,U
BASKETBALL,CBB,WEST VIRGINIA,ARIZONA,n/a,142.0,131,U
BASKETBALL,CBB,LOUISVILLE,CLEMSON,n/a,145.5,138,U
BASKETBALL,CBB,AKRON,CENTRAL MICHIGAN,n/a,146.0,159,O
BASKETBALL,CBB,TOLEDO,EASTERN MICHIGAN,n/a,153.0,177,O
BASKETBALL,CBB,NORTHERN ILLINOIS,KENT STATE,n/a,136.0,118,U
BASKETBALL,CBB,WESTERN MICHIGAN,BOWLING GREEN,n/a,151.0,162,O
BASKETBALL,CBB,BALL STATE,MIAMIA OH,n/a,147.0,152,O
BASKETBALL,CBB,UAB,TULANE,n/a,157.5,150,U
BASKETBALL,CBB,MARQUETTE,GEORGETOWN,n/a,145.5,140,U
BASKETBALL,CBB,IOWA STATE,UTAH,n/a,151.5,141,U
BASKETBALL,CBB,BAYLOR,CINCINNATI,n/a,138.0,116,U
BASKETBALL,CBB,IOWA,NEBRASKA,n/a,161.0,184,O
BASKETBALL,CBB,OKLAHOMA STATE,KANSAS STATE,n/a,146.5,145,U
BASKETBALL,CBB,UTSA,TULSA,n/a,155.5,159,O
BASKETBALL,CBB,MISSOURI STATE,ILLINOIS CHICAGO,n/a,138.0,143,O
BASKETBALL,CBB,EASTERN ILLINOIS,SIU EDWARDSVILLE,n/a,133.5,117,U
BASKETBALL,CBB,TEXAS,AUBURN,n/a,151.0,169,O
BASKETBALL,CBB,NORTH CAROLINA,SMU,n/a,167.0,149,U
BASKETBALL,CBB,VANDERBILT,MISSISSIPPI STATE,n/a,154.5,140,U
BASKETBALL,CBB,COLORADO STATE,FRESNO STATE,n/a,150.5,155,O
BASKETBALL,CBB,BYU,TEXAS TECH,n/a,148.5,139,U
BASKETBALL,CBB,MISSOURI,LSU,n/a,151.0,150,U
BASKETBALL,CBB,UCLA,MICHIGAN,n/a,141.5,169,O
BASKETBALL,CBB,SAN JOSE STATE,UTAH STATE,n/a,148.0,163,O
BASKETBALL,CBB,WYOMING,NEW MEXICO,n/a,146.5,114,U
BASKETBALL,CBB,BOISE STATE,UNLV,n/a,140.0,140,D
BASKETBALL,CBB,SAINT MARYS,LOYOLA MARYMOUNT,n/a,134.0,137,O
BASKETBALL,NBA,DET PISTONS,POR TRAIL BLAZERS,n/a,224.0,233,O
BASKETBALL,NBA,PHI 76ERS,PHO SUNS,n/a,222.0,208,U
BASKETBALL,NBA,NY KNICKS,ORL MAGIC,n/a,210.0,197,U
BASKETBALL,NBA,BKN NETS,IND PACERS,n/a,223.0,212,U
BASKETBALL,NBA,TOR RAPTORS,MIL BUCKS,n/a,229.5,232,O
BASKETBALL,NBA,CHI BULLS,SA SPURS,n/a,236.5,224,U
BASKETBALL,NBA,MIN TIMBERWOLVES,LA CLIPPERS,n/a,214.5,214,U
BASKETBALL,NBA,MEM GRIZZLIES,DAL MAVERICKS,n/a,232.0,223,U
BASKETBALL,NBA,SAC KINGS,MIA HEAT,n/a,220.5,241,O
BASKETBALL,CBB,DELAWARE STATE,NORFOLK STATE,n/a,145.0,137,U
BASKETBALL,CBB,RUTGERS,WISCONSIN,n/a,158.0,138,U
BASKETBALL,CBB,WICHITA STATE,SOUTH FLORIDA,n/a,155.5,163,O
BASKETBALL,CBB,ALABAMA STATE,ARKANSAS-PINE BLUFF,n/a,162.0,184,O
BASKETBALL,CBB,SE LOUISIANA,UT RIO GRANDE VALLEY,n/a,147.0,154,O
BASKETBALL,CBB,NORTHWESTERN STATE,MCNEESE,n/a,132.5,161,O
BASKETBALL,CBB,STEPHEN F. AUSTIN,HOUSTON CHRISTIAN,n/a,129.5,156,O
BASKETBALL,CBB,NEW ORLEANS,A&M-CORPUS CHRISTI,n/a,152.5,180,O
BASKETBALL,CBB,EAST TEXAS A&M,NICHOLLS STATE,n/a,142.5,144,O
BASKETBALL,CBB,COPPIN STATE,SOUTH CAROLINA STATE,n/a,135.5,162,O
BASKETBALL,CBB,ALABAMA A&M,MISSISSIPPI VALLEY,n/a,138.0,146,O
BASKETBALL,CBB,LAMAR,INCARNATE WORD,n/a,135.5,130,U
BASKETBALL,CBB,PRAIRIE VIEW,SOUTHERN UNIVERSITY,n/a,146.0,164,O
BASKETBALL,CBB,MINNESOTA,OHIO STATE,n/a,136.5,177,O
BASKETBALL,CBB,HOUSTON,TCU,n/a,128.5,111,U
BASKETBALL,CBB,TEXAS SOUTHERN,GRAMBLING,n/a,136.0,137,O
FOOTBALL,NFL,NE PATRIOTS,BUF BILLS,n/a,36.5,39,O
FOOTBALL,NFL,TB BUCCANEERS,NO SAINTS,n/a,44.5,46,O
FOOTBALL,NFL,GB PACKERS,CHI BEARS,n/a,41.5,46,O
FOOTBALL,NFL,PHI EAGLES,NY GIANTS,n/a,36.5,33,U
FOOTBALL,NFL,ATL FALCONS,CAR PANTHERS,n/a,48.5,82,O
FOOTBALL,NFL,DAL COWBOYS,WAS COMMANDERS,n/a,43.5,42,U
FOOTBALL,NFL,TEN TITANS,HOU TEXANS,n/a,36.5,37,O
FOOTBALL,NFL,IND COLTS,JAX JAGUARS,n/a,45.5,49,O
FOOTBALL,NFL,DEN BRONCOS,KC CHIEFS,n/a,40.5,38,U
FOOTBALL,NFL,NY JETS,MIA DOLPHINS,n/a,38.5,52,O
FOOTBALL,NFL,LV RAIDERS,LA CHARGERS,n/a,41.5,54,O
FOOTBALL,NFL,LA RAMS,SEA SEAHAWKS,n/a,38.5,55,O
FOOTBALL,NFL,ARI CARDINALS,SF 49ERS,n/a,42.5,71,O
FOOTBALL,NFL,DET LIONS,MIN VIKINGS,n/a,56.5,40,U
BASKETBALL,NBA,OKC THUNDER,BOS CELTICS,n/a,225.0,197,U
BASKETBALL,NBA,CLE CAVALIERS,CHA HORNETS,n/a,223.5,220,U
BASKETBALL,NBA,WAS WIZARDS,NO PELICANS,n/a,232.0,208,U
BASKETBALL,NBA,ORL MAGIC,UTA JAZZ,n/a,210.0,197,U
BASKETBALL,NBA,HOU ROCKETS,LA LAKERS,n/a,217.5,234,O
BASKETBALL,NBA,GS WARRIORS,SAC KINGS,n/a,225.0,228,O
FOOTBALL,NFL,BAL RAVENS,CLE BROWNS,n/a,41.5,45,O
FOOTBALL,NFL,PIT STEELERS,CIN BENGALS,n/a,48.5,36,U
BASKETBALL,CBB,KENTUCKY,FLORIDA,n/a,164.5,206,O
BASKETBALL,NBA,BKN NETS,PHI 76ERS,n/a,213.5,217,O
BASKETBALL,NBA,DET PISTONS,MIN TIMBERWOLVES,n/a,217.0,224,O
BASKETBALL,NBA,IND PACERS,PHO SUNS,n/a,235.0,234,O
BASKETBALL,NBA,CHI BULLS,NY KNICKS,n/a,238.0,265,O
BASKETBALL,NBA,MIL BUCKS,POR TRAIL BLAZERS,n/a,228.5,207,U
BASKETBALL,NBA,SA SPURS,DEN NUGGETS,n/a,236.0,233,U
BASKETBALL,NBA,MIA HEAT,UTA JAZZ,n/a,223.5,236,O
BASKETBALL,NBA,GS WARRIORS,MEM GRIZZLIES,n/a,233.0,234,O
BASKETBALL,NBA,LA CLIPPERS,ATL HAWKS,n/a,228.5,236,O
BASKETBALL,NBA,DET PISTONS,CHA HORNETS,n/a,220.5,192,U
BASKETBALL,NBA,TOR RAPTORS,ORL MAGIC,n/a,217.0,203,U
BASKETBALL,NBA,OKC THUNDER,NY KNICKS,n/a,223.5,224,O
BASKETBALL,NBA,HOU ROCKETS,BOS CELTICS,n/a,220.5,195,U
BASKETBALL,NBA,NO PELICANS,WAS WIZARDS,n/a,233.0,252,O
BASKETBALL,NBA,DAL MAVERICKS,CLE CAVALIERS,n/a,232.0,256,O
BASKETBALL,NBA,DEN NUGGETS,SA SPURS,n/a,238.0,223,U
BASKETBALL,NBA,SAC KINGS,MEM GRIZZLIES,n/a,242.0,271,O
BASKETBALL,NBA,LA LAKERS,ATL HAWKS,n/a,231.5,221,U
FOOTBALL,CFB,TEXAS STATE,NORTH TEXAS,n/a,66.5,58,U
FOOTBALL,CFB,VIRGINIA TECH,MINNESOTA,n/a,43.5,34,U
BASKETBALL,CBB,BOWLING GREEN,AKRON,n/a,157.0,139,U
BASKETBALL,CBB,WISCONSIN,IOWA,n/a,162.0,201,O
BASKETBALL,CBB,TEMPLE,WICHITA STATE,n/a,153.5,176,O
BASKETBALL,CBB,SAINT FRANCIS PA,CENTRAL CONNECTICUT STATE,n/a,137.0,133,U
BASKETBALL,CBB,SAINT PETERS,QUINNIPIAC,n/a,139.0,105,U
BASKETBALL,CBB,MERCYHURST,STONEHILL,n/a,133.5,145,O
BASKETBALL,CBB,OHIO STATE,MICHIGAN STATE,n/a,148.5,131,U
BASKETBALL,CBB,GEORGETOWN,XAVIER,n/a,146.5,132,U
BASKETBALL,CBB,MARQUETTE,CREIGHTON,n/a,146.0,150,O
BASKETBALL,CBB,SAINT LOUIS,SAINT JOSEPHS,n/a,152.0,130,U
BASKETBALL,CBB,NEW MEXICO,NEVADA,n/a,150.5,163,O
BASKETBALL,NBA,MIN TIMBERWOLVES,BOS CELTICS,n/a,218.5,233,O
BASKETBALL,NBA,MIA HEAT,IND PACERS,n/a,225.0,243,O
BASKETBALL,NBA,OKC THUNDER,LA CLIPPERS,n/a,215.0,214,U
BASKETBALL,NBA,MIL BUCKS,BKN NETS,n/a,221.5,223,O
BASKETBALL,NBA,GS WARRIORS,PHI 76ERS,n/a,216.0,244,O
BASKETBALL,NBA,LA LAKERS,POR TRAIL BLAZERS,n/a,224.0,220,U
BASKETBALL,NBA,WAS WIZARDS,CHI BULLS,n/a,238.5,232,U
BASKETBALL,NBA,DET PISTONS,ORL MAGIC,n/a,212.5,201,U
BASKETBALL,NBA,NY KNICKS,UTA JAZZ,n/a,229.5,222,U
BASKETBALL,NBA,MIA HEAT,NO PELICANS,n/a,220.0,227,O
BASKETBALL,NBA,TOR RAPTORS,BKN NETS,n/a,221.0,243,O
BASKETBALL,NBA,HOU ROCKETS,DAL MAVERICKS,n/a,222.5,209,U
BASKETBALL,NBA,DEN NUGGETS,ATL HAWKS,n/a,246.5,259,O
BASKETBALL,NBA,SAC KINGS,PHI 76ERS,n/a,222.0,220,U
BASKETBALL,NBA,IND PACERS,MIL BUCKS,n/a,223.5,232,O
BASKETBALL,NBA,BOS CELTICS,TOR RAPTORS,n/a,216.5,196,U
BASKETBALL,NBA,SA SPURS,LA CLIPPERS,n/a,217.5,208,U
BASKETBALL,NBA,OKC THUNDER,MIN TIMBERWOLVES,n/a,217.0,218,O
BASKETBALL,NBA,LA LAKERS,CLE CAVALIERS,n/a,227.5,232,O
BASKETBALL,NBA,PHO SUNS,MEM GRIZZLIES,n/a,236.5,229,U
BASKETBALL,NBA,WAS WIZARDS,NY KNICKS,n/a,228.5,232,O
BASKETBALL,NBA,CHA HORNETS,CHI BULLS,n/a,226.0,223,U
BASKETBALL,NBA,NO PELICANS,LA CLIPPERS,n/a,218.5,219,O
BASKETBALL,NBA,UTA JAZZ,DEN NUGGETS,n/a,238.5,253,O
BASKETBALL,NBA,GS WARRIORS,CLE CAVALIERS,n/a,230.5,208,U
BASKETBALL,NBA,POR TRAIL BLAZERS,PHI 76ERS,n/a,222.0,228,O
BASKETBALL,NBA,SAC KINGS,DAL MAVERICKS,n/a,229.0,210,U
FOOTBALL,NFL,SF 49ERS,DET LIONS,n/a,50.5,74,O
FOOTBALL,NFL,BUF BILLS,NY JETS,n/a,46.0,54,O
FOOTBALL,NFL,NY GIANTS,IND COLTS,n/a,40.0,78,O
FOOTBALL,NFL,TB BUCCANEERS,CAR PANTHERS,n/a,48.0,62,O
FOOTBALL,NFL,PHI EAGLES,DAL COWBOYS,n/a,38.0,48,O
FOOTBALL,NFL,NO SAINTS,LV RAIDERS,n/a,38.0,35,U
FOOTBALL,NFL,JAX JAGUARS,TEN TITANS,n/a,39.5,33,U
FOOTBALL,NFL,CLE BROWNS,MIA DOLPHINS,n/a,34.0,23,U
FOOTBALL,NFL,MIN VIKINGS,GB PACKERS,n/a,49.0,52,O
FOOTBALL,NFL,WAS COMMANDERS,ATL FALCONS,n/a,46.5,54,O
BASKETBALL,NBA,BOS CELTICS,IND PACERS,n/a,232.0,237,O
BASKETBALL,NBA,TOR RAPTORS,ATL HAWKS,n/a,243.0,243,D
BASKETBALL,NBA,OKC THUNDER,MEM GRIZZLIES,n/a,233.5,236,O
BASKETBALL,NBA,HOU ROCKETS,MIA HEAT,n/a,215.0,204,U
BASKETBALL,NBA,MIN TIMBERWOLVES,SA SPURS,n/a,216.0,212,U
FOOTBALL,NFL,NE PATRIOTS,LA CHARGERS,n/a,41.5,47,O
FOOTBALL,NFL,CIN BENGALS,DEN BRONCOS,n/a,50.5,54,O
FOOTBALL,NFL,LA RAMS,ARI CARDINALS,n/a,47.5,22,U
BASKETBALL,NBA,ATL HAWKS,MIA HEAT,n/a,225.5,230,O
BASKETBALL,NBA,CHA HORNETS,OKC THUNDER,n/a,219.0,200,U
BASKETBALL,NBA,WAS WIZARDS,NY KNICKS,n/a,226.0,268,O
BASKETBALL,NBA,CHI BULLS,MIL BUCKS,n/a,233.0,227,U
BASKETBALL,NBA,GS WARRIORS,PHO SUNS,n/a,219.5,214,U
BASKETBALL,NBA,DEN NUGGETS,DET PISTONS,n/a,235.0,255,O
BASKETBALL,NBA,UTA JAZZ,PHI 76ERS,n/a,225.5,225,U
BASKETBALL,NBA,POR TRAIL BLAZERS,DAL MAVERICKS,n/a,222.5,248,O
BASKETBALL,NBA,LA LAKERS,SAC KINGS,n/a,221.5,254,O
BASKETBALL,NBA,ORL MAGIC,NY KNICKS,n/a,213.5,193,U
BASKETBALL,NBA,BOS CELTICS,IND PACERS,n/a,230.5,247,O
BASKETBALL,NBA,BKN NETS,SA SPURS,n/a,212.5,183,U
BASKETBALL,NBA,HOU ROCKETS,MIN TIMBERWOLVES,n/a,214.5,225,O
BASKETBALL,NBA,NO PELICANS,MEM GRIZZLIES,n/a,235.0,256,O
BASKETBALL,NBA,DEN NUGGETS,CLE CAVALIERS,n/a,238.0,284,O
BASKETBALL,NBA,PHO SUNS,DAL MAVERICKS,n/a,225.0,187,U
BASKETBALL,NBA,LA CLIPPERS,GS WARRIORS,n/a,212.0,194,U
FOOTBALL,CFB,VANDERBILT,GEORGIA TECH,n/a,48.5,62,O
FOOTBALL,CFB,ARKANSAS,TEXAS TECH,n/a,52.5,65,O
FOOTBALL,CFB,USC,TEXAS A&M,n/a,55.0,66,O
FOOTBALL,CFB,BOWLING GREEN,ARKANSAS STATE,n/a,53.5,69,O
BASKETBALL,NBA,IND PACERS,OKC THUNDER,n/a,227.5,234,O
BASKETBALL,NBA,ORL MAGIC,MIA HEAT,n/a,208.5,177,U
BASKETBALL,NBA,WAS WIZARDS,CHA HORNETS,n/a,228.5,223,U
BASKETBALL,NBA,ATL HAWKS,CHI BULLS,n/a,242.5,274,O
BASKETBALL,NBA,MIL BUCKS,BKN NETS,n/a,206.5,216,O
BASKETBALL,NBA,NO PELICANS,HOU ROCKETS,n/a,221.5,239,O
BASKETBALL,NBA,MEM GRIZZLIES,TOR RAPTORS,n/a,240.5,281,O
BASKETBALL,NBA,SAC KINGS,DET PISTONS,n/a,226.0,227,O
BASKETBALL,NBA,POR TRAIL BLAZERS,UTA JAZZ,n/a,225.5,242,O
FOOTBALL,NFL,CHI BEARS,SEA SEAHAWKS,n/a,41.5,9,U
BASKETBALL,CBB,MURRAY STATE,LOYOLA CHICAGO,n/a,138.5,139,O
BASKETBALL,CBB,CHARLOTTE,CHARLESTON,n/a,145.0,165,O
BASKETBALL,CBB,HAWAII,OAKLAND,n/a,132.5,143,O
BASKETBALL,CBB,NEBRASKA,OREGON STATE,n/a,137.0,144,O
FOOTBALL,NFL,KC CHIEFS,PIT STEELERS,n/a,44.0,39,U
FOOTBALL,NFL,HOU TEXANS,BAL RAVENS,n/a,47.0,33,U
BASKETBALL,NBA,NY KNICKS,SA SPURS,n/a,223.0,231,O
BASKETBALL,NBA,DAL MAVERICKS,MIN TIMBERWOLVES,n/a,221.0,204,U
BASKETBALL,NBA,BOS CELTICS,PHI 76ERS,n/a,222.0,232,O
BASKETBALL,NBA,GS WARRIORS,LA LAKERS,n/a,222.0,228,O
BASKETBALL,NBA,PHO SUNS,DEN NUGGETS,n/a,232.0,210,U
FOOTBALL,CFB,SAN JOSE STATE,SOUTH FLORIDA,n/a,65.0,80,O
FOOTBALL,CFB,UTSA,COASTAL CAROLINA,n/a,56.0,59,O
FOOTBALL,CFB,FRESNO STATE,NORTHERN ILLINOIS,n/a,39.5,48,O
FOOTBALL,NFL,GB PACKERS,NO SAINTS,n/a,42.5,34,U
BASKETBALL,CBB,LOYOLA CHICAGO,CHARLESTON,n/a,147.0,145,U
BASKETBALL,CBB,TENNESSEE,MIDDLE TENNESSEE,n/a,143.0,146,O
BASKETBALL,CBB,NORTH DAKOTA STATE,CSU BAKERSFIELD,n/a,139.5,154,O
BASKETBALL,CBB,OAKLAND,OREGON STATE,n/a,131.0,154,O
BASKETBALL,CBB,WASHINGTON,SEATTLE,n/a,143.0,149,O
BASKETBALL,CBB,HAWAII,NEBRASKA,n/a,142.5,124,U
BASKETBALL,CBB,CHARLOTTE,MURRAY STATE,n/a,139.0,184,O
BASKETBALL,NBA,ORL MAGIC,BOS CELTICS,n/a,215.0,212,U
BASKETBALL,NBA,CLE CAVALIERS,UTA JAZZ,n/a,232.0,237,O
BASKETBALL,NBA,PHI 76ERS,SA SPURS,n/a,218.0,217,U
BASKETBALL,NBA,CHA HORNETS,HOU ROCKETS,n/a,218.0,215,U
BASKETBALL,NBA,MIA HEAT,BKN NETS,n/a,214.5,205,U
BASKETBALL,NBA,ATL HAWKS,MIN TIMBERWOLVES,n/a,222.5,221,U
BASKETBALL,NBA,NY KNICKS,TOR RAPTORS,n/a,226.5,264,O
BASKETBALL,NBA,MEM GRIZZLIES,LA CLIPPERS,n/a,230.5,224,U
BASKETBALL,NBA,CHI BULLS,MIL BUCKS,n/a,232.5,203,U
BASKETBALL,NBA,OKC THUNDER,WAS WIZARDS,n/a,223.5,228,O
BASKETBALL,NBA,DAL MAVERICKS,POR TRAIL BLAZERS,n/a,229.0,240,O
BASKETBALL,NBA,GS WARRIORS,IND PACERS,n/a,231.0,216,U
BASKETBALL,NBA,DEN NUGGETS,PHO SUNS,n/a,233.0,207,U
BASKETBALL,NBA,LA LAKERS,DET PISTONS,n/a,224.0,231,O
BASKETBALL,CBB,ALABAMA,KENT STATE,n/a,154.5,135,U
BASKETBALL,CBB,MICHIGAN,PURDUE FORT WAYNE,n/a,160.5,147,U
BASKETBALL,CBB,MISSOURI,ILLINOIS,n/a,156.0,157,O
BASKETBALL,CBB,MIAMI OH,SACRED HEART,n/a,146.0,170,O
BASKETBALL,CBB,STONEHILL,NEW HAMPSHIRE,n/a,135.0,173,O
BASKETBALL,CBB,TOWSON,BRYANT,n/a,145.5,135,U
BASKETBALL,CBB,IOWA STATE,MORGAN STATE,n/a,160.5,171,O
BASKETBALL,CBB,OKLAHOMA,CENTRAL ARKANSAS,n/a,146.5,155,O
BASKETBALL,CBB,TCU,MONTANA STATE,n/a,141.0,130,U
BASKETBALL,CBB,VCU,WILLIAM & MARY,n/a,156.0,160,O
BASKETBALL,CBB,GEORGE MASON,PENNSYLVANIA,n/a,135.5,138,O
BASKETBALL,CBB,SOUTH CAROLINA,RADFORD,n/a,138.5,122,U
BASKETBALL,CBB,WISCONSIN,DETROIT MERCY,n/a,148.0,139,U
BASKETBALL,CBB,MISSOURI STATE,UC SANTA BARBARA,n/a,137.0,124,U
BASKETBALL,CBB,VIRGINIA,AMERICAN,n/a,120.0,121,O
BASKETBALL,CBB,WEST VIRGINIA,MERCYHURST,n/a,136.0,113,U
BASKETBALL,CBB,KANSAS,BROWN,n/a,144.0,140,U
BASKETBALL,CBB,OKLAHOMA STATE,ORAL ROBERTS,n/a,153.5,160,O
BASKETBALL,CBB,CHARLESTON,OREGON STATE,n/a,141.5,139,U
BASKETBALL,CBB,UAB,ALCORN,n/a,156.0,165,O
BASKETBALL,CBB,RICE,PRAIRIE VIEW,n/a,156.0,110,U
BASKETBALL,CBB,NORTH TEXAS,HOUSTON CHRISTIAN,n/a,129.5,108,U
BASKETBALL,CBB,LOUISIANA,MCNEESE,n/a,142.0,120,U
BASKETBALL,CBB,LSU,NEW ORLEANS,n/a,153.0,156,O
BASKETBALL,CBB,GEORGIA,CHARLESTON SOUTHERN,n/a,146.0,146,D
BASKETBALL,CBB,GRAND CANYON,SAINT LOUIS,n/a,154.5,145,U
BASKETBALL,CBB,NC STATE,RIDER,n/a,135.5,152,O
BASKETBALL,CBB,USC,SOUTHERN UNIVERSITY,n/a,144.5,133,U
BASKETBALL,CBB,CINCINNATI,GRAMBLING,n/a,136.0,133,U
BASKETBALL,CBB,OAKLAND,LOYOLA CHICAGO,n/a,134.0,143,O
BASKETBALL,CBB,CAL STATE FULLERTON,WYOMING,n/a,132.0,142,O
BASKETBALL,CBB,SETON HALL,GEORGETOWN,n/a,129.5,121,U
BASKETBALL,CBB,LOYOLA MARYMOUNT,NORTH ALABAMA,n/a,144.5,154,O
BASKETBALL,CBB,SAINT MARYS,UTAH STATE,n/a,142.5,143,O
BASKETBALL,CBB,MURRAY STATE,NEBRASKA,n/a,144.5,115,U
BASKETBALL,CBB,HAWAII,CHARLOTTE,n/a,138.0,139,O
FOOTBALL,NFL,CHI BEARS,DET LIONS,n/a,48.0,51,O
FOOTBALL,NFL,CIN BENGALS,CLE BROWNS,n/a,46.0,30,U
FOOTBALL,NFL,WAS COMMANDERS,PHI EAGLES,n/a,46.5,69,O
FOOTBALL,NFL,NY JETS,LA RAMS,n/a,47.0,28,U
FOOTBALL,NFL,ATL FALCONS,NY GIANTS,n/a,42.5,41,U
FOOTBALL,NFL,CAR PANTHERS,ARI CARDINALS,n/a,47.0,66,O
FOOTBALL,NFL,IND COLTS,TEN TITANS,n/a,42.5,68,O
FOOTBALL,NFL,SEA SEAHAWKS,MIN VIKINGS,n/a,42.5,51,O
FOOTBALL,NFL,BUF BILLS,NE PATRIOTS,n/a,46.5,45,U
FOOTBALL,NFL,MIA DOLPHINS,SF 49ERS,n/a,44.5,46,O
FOOTBALL,NFL,LV RAIDERS,JAX JAGUARS,n/a,41.0,33,U
FOOTBALL,NFL,DAL COWBOYS,TB BUCCANEERS,n/a,48.5,50,O
BASKETBALL,NBA,TOR RAPTORS,HOU ROCKETS,n/a,222.0,224,O
BASKETBALL,NBA,SAC KINGS,IND PACERS,n/a,236.0,217,U
BASKETBALL,NBA,NO PELICANS,DEN NUGGETS,n/a,232.5,261,O
BASKETBALL,CBB,BUTLER,UCONN,n/a,143.5,152,O
BASKETBALL,CBB,XAVIER,MARQUETTE,n/a,154.5,142,U
BASKETBALL,CBB,GEORGIA TECH,DUKE,n/a,144.5,138,U
BASKETBALL,CBB,RUTGERS,PRINCETON,n/a,152.0,165,O
BASKETBALL,CBB,BOSTON COLLEGE,SMU,n/a,147.5,180,O
BASKETBALL,CBB,INDIANA,CHATTANOOGA,n/a,154.0,139,U
BASKETBALL,CBB,DREXEL,PENN STATE,n/a,147.5,139,U
BASKETBALL,CBB,VIRGINIA TECH,SAINT JOSEPHS,n/a,142.5,144,O
BASKETBALL,CBB,DARTMOUTH,VERMONT,n/a,135.0,138,O
BASKETBALL,CBB,NORTHERN KENTUCKY,SOUTH CAROLINA STATE,n/a,137.0,105,U
BASKETBALL,CBB,FLORIDA,NORTH FLORIDA,n/a,171.0,144,U
BASKETBALL,CBB,MEMPHIS,MISSISSIPPI STATE,n/a,150.5,145,U
BASKETBALL,CBB,PITTSBURGH,SAM HOUSTON,n/a,152.0,188,O
BASKETBALL,CBB,USC UPSTATE,YOUNGSTOWN STATE,n/a,150.5,136,U
BASKETBALL,CBB,MONMOUTH,FAIRFIELD,n/a,146.0,162,O
BASKETBALL,CBB,COPPIN STATE,NAVY,n/a,138.0,128,U
BASKETBALL,CBB,ROBERT MORRIS,SAINT FRANCIS PA,n/a,143.5,167,O
BASKETBALL,CBB,LOYOLA MARYLAND,HAMPTON,n/a,138.0,144,O
BASKETBALL,CBB,CENTAL CONNECTICUT STATE,QUINNIPIAC,n/a,138.0,164,O
BASKETBALL,CBB,TEXAS TECH,LAMAR,n/a,140.0,158,O
BASKETBALL,CBB,CLEMSON,WAKE FOREST,n/a,134.0,135,O
BASKETBALL,CBB,MICHIGAN STATE,FLORIDA ATLANTIC,n/a,158.0,155,U
BASKETBALL,CBB,LIBERTY,UT ARLINGTON,n/a,142.5,135,U
BASKETBALL,CBB,TROY,GEORGIA STATE,n/a,146.0,134,U
BASKETBALL,CBB,FLORIDA STATE,LOUISVILLE,n/a,153.5,166,O
BASKETBALL,CBB,MIAMI FL,MOUNT SAINT MARYS,n/a,151.5,153,O
BASKETBALL,CBB,WINTHROP,MERCER,n/a,159.0,199,O
BASKETBALL,CBB,MINNESOTA,FAIRLEIGH DICKINSON,n/a,146.0,134,U
BASKETBALL,CBB,BOWLING GREEN,SAINT THOMAS MN,n/a,154.0,161,O
BASKETBALL,CBB,UMASS LOWELL,BOSTON UNIVERSITY,n/a,145.0,154,O
BASKETBALL,CBB,BALL STATE,EVANSVILLE,n/a,140.0,123,U
BASKETBALL,CBB,EASTERN MICHIGAN,WRIGHT STATE,n/a,147.0,168,O
BASKETBALL,CBB,CSUN,CHICAGO STATE,n/a,150.0,138,U
BASKETBALL,CBB,SOUTH ALABAMA,JAMES MADISON,n/a,137.0,126,U
BASKETBALL,CBB,UNC WILMINGTON,UNC ASHEVILLE,n/a,152.0,159,O
BASKETBALL,CBB,UMKC,ETSU,n/a,141.5,139,U
BASKETBALL,CBB,SOUTHERN ILLINOIS,HIGH POINT,n/a,146.5,175,O
BASKETBALL,CBB,HOUSTON,A&M-CORPUS CHRISTI,n/a,134.0,138,O
BASKETBALL,CBB,EASTERN KENTUCKY,JACKSONVILLE STATE,n/a,146.0,171,O
BASKETBALL,CBB,DUQUESNE,UC IRVINE,n/a,131.5,124,U
BASKETBALL,CBB,ARKANSAS,NORTH CAROLINA A&T,n/a,159.0,162,O
BASKETBALL,CBB,NORTH CAROLINA,UCLA,n/a,149.0,150,O
BASKETBALL,CBB,UNLV,UC RIVERSIDE,n/a,141.0,119,U
BASKETBALL,CBB,HARVARD,FURMAN,n/a,139.0,140,O
BASKETBALL,CBB,ARKANSAS STATE,COASTAL CAROLINA,n/a,142.5,164,O
BASKETBALL,CBB,SOUTH FLORIDA,EAST TEXAS A&M,n/a,145.0,150,O
BASKETBALL,CBB,EAST CAROLINA,GARDNER-WEBB,n/a,144.5,163,O
BASKETBALL,CBB,SOUTHERN MISS,MARSHALL,n/a,"",134,D
BASKETBALL,CBB,PEPPERDINE,UC DAVIS,n/a,145.5,131,U
BASKETBALL,CBB,VANDERBILT,AUSTIN PEAY,n/a,142.5,140,U
BASKETBALL,CBB,ULM,OLD DOMINION,n/a,146.0,155,O
BASKETBALL,CBB,COLORADO,BELLARMINE,n/a,145.5,134,U
BASKETBALL,CBB,TULSA,MISSISSIPPI VALLEY,n/a,136.0,141,O
BASKETBALL,CBB,BOISE STATE,AIR FORCE,n/a,135.0,136,O
BASKETBALL,CBB,TEXAS STATE,GEORGIA SOUTHERN,n/a,148.5,144,U
BASKETBALL,CBB,MOREHEAD STATE,TENNESSEE STATE,n/a,148.0,142,U
BASKETBALL,CBB,CREIGHTON,VILLANOVA,n/a,145.0,165,O
BASKETBALL,CBB,UMASS,ARIZONA STATE,n/a,150.5,140,U
BASKETBALL,CBB,NORTHWESTERN,DEPAUL,n/a,136.5,148,O
BASKETBALL,CBB,ALABAMA A&M,SAMFORD,n/a,164.0,187,O
BASKETBALL,CBB,WASHINGTON STATE,NORTHERN IOWA,n/a,149.0,144,U
BASKETBALL,CBB,SOUTHERN UTAH,NORTHERN ARIZONA,n/a,151.0,158,O
BASKETBALL,CBB,ARIZONA,CENTRAL MICHIGAN,n/a,153.0,135,U
BASKETBALL,CBB,ABILENE CHRISTIAN,TEXAS SOUTHERN,n/a,145.0,134,U
BASKETBALL,CBB,PACIFIC,IDAHO,n/a,143.5,167,O
BASKETBALL,CBB,PORTLAND,LAFAYETTE,n/a,141.5,138,U
BASKETBALL,CBB,AUBURN,PURDUE,n/a,149.0,156,O
BASKETBALL,CBB,SOUTHERN INDIANA,UT MARTIN,n/a,145.0,123,U
BASKETBALL,CBB,LINDENWOOD,WESTERN ILLINOIS,n/a,136.5,136,U
BASKETBALL,CBB,SE MISSOURI STATE,SIU EDWARDSVILLE,n/a,140.5,144,O
BASKETBALL,CBB,SANTA CLARA,SOUTH DAKOTA,n/a,168.0,179,O
BASKETBALL,CBB,NEVADA,COLORADO STATE,n/a,138.5,130,U
BASKETBALL,CBB,DAVIDSON,BETHUNE-COOKMAN,n/a,143.0,139,U
BASKETBALL,CBB,DENVER,NORTHERN COLORADO,n/a,156.0,157,O
BASKETBALL,CBB,OLE MISS,QUEENS NC,n/a,153.5,142,U
BASKETBALL,CBB,FRESNO STATE,CALIFORNIA BAPTIST,n/a,152.0,155,O
BASKETBALL,CBB,KENTUCKY,OHIO STATE,n/a,160.5,150,U
BASKETBALL,CBB,SAN FRANCISCO,MONTANA,n/a,148.0,138,U
BASKETBALL,CBB,RICHMOND,VMI,n/a,145.0,149,O
BASKETBALL,CBB,IOWA,UTAH,n/a,164.0,183,O
BASKETBALL,CBB,FIU,IU INDIANAPOLIS,n/a,145.5,144,U
BASKETBALL,CBB,UCF,JACKSONVILLE,n/a,143.0,152,O
BASKETBALL,CBB,DRAKE,GREEN BAY,n/a,139.5,134,U
BASKETBALL,CBB,RHODE ISLAND,TEMPLE,n/a,151.0,164,O
BASKETBALL,CBB,WICHITA STATE,KANSAS STATE,n/a,153.0,149,U
BASKETBALL,CBB,ELON,UNC GREENSBORO,n/a,135.5,142,O
BASKETBALL,CBB,STANFORD,OREGON,n/a,149.5,137,U
BASKETBALL,CBB,OMAHA,CAL POLY,n/a,159.5,168,O
BASKETBALL,CBB,SAN DIEGO,UC SAN DIEGO,n/a,143.5,148,O
BASKETBALL,CBB,GONZAGA,BUCKNELL,n/a,151.5,151,U
BASKETBALL,CBB,WEBER STATE,UTAH VALLEY,n/a,141.5,126,U
BASKETBALL,CBB,CSU BAKERSFIELD,PORTLAND STATE,n/a,145.0,117,U
BASKETBALL,CBB,SAN DIEGO STATE,CALIFORNIA,n/a,147.0,121,U
BASKETBALL,CBB,SAN JOSE STATE,KENNESAW STATE,n/a,152.5,154,O
FOOTBALL,NFL,KC CHIEFS,HOU TEXANS,n/a,42.5,46,O
FOOTBALL,NFL,BAL RAVENS,PIT STEELERS,n/a,44.5,51,O
BASKETBALL,NBA,SAC KINGS,LA LAKERS,n/a,228.0,202,U
BASKETBALL,NBA,ORL MAGIC,MIA HEAT,n/a,209.0,235,O
BASKETBALL,NBA,ATL HAWKS,MEM GRIZZLIES,n/a,241.5,240,U
BASKETBALL,NBA,BKN NETS,UTA JAZZ,n/a,222.0,199,U
BASKETBALL,NBA,NO PELICANS,NY KNICKS,n/a,225.0,197,U
BASKETBALL,NBA,CHI BULLS,BOS CELTICS,n/a,244.5,221,U
BASKETBALL,NBA,MIL BUCKS,WAS WIZARDS,n/a,223.0,213,U
BASKETBALL,NBA,MIN TIMBERWOLVES,GS WARRIORS,n/a,213.5,216,O
BASKETBALL,NBA,CLE CAVALIERS,PHI 76ERS,n/a,219.0,225,O
BASKETBALL,NBA,DAL MAVERICKS,LA CLIPPERS,n/a,221.0,210,U
BASKETBALL,NBA,SA SPURS,POR TRAIL BLAZERS,n/a,226.5,208,U
BASKETBALL,NBA,PHO SUNS,DET PISTONS,n/a,224.5,258,O
FOOTBALL,CFB,PENN STATE,SMU,n/a,52.0,48,U
FOOTBALL,CFB,TEXAS,CLEMSON,n/a,50.5,62,O
FOOTBALL,CFB,OHIO STATE,TENNESSEE,n/a,46.5,59,O
BASKETBALL,NBA,PHI 76ERS,CHA HORNETS,n/a,214.0,206,U
BASKETBALL,NBA,CLE CAVALIERS,MIL BUCKS,n/a,221.0,225,O
BASKETBALL,NBA,MIA HEAT,OKC THUNDER,n/a,217.5,201,U
FOOTBALL,CFB,JACKSONVILLE STATE,OHIO,n/a,57.5,57,U
FOOTBALL,CFB,FLORIDA,TULANE,n/a,49.5,41,U
FOOTBALL,CFB,NOTRE DAME,INDIANA,n/a,51.0,44,U
BASKETBALL,CBB,WESTERN MICHIGAN,VALPARAISO,n/a,152.5,149,U
BASKETBALL,CBB,TEXAS A&M,HOUSTON CHRISTIAN,n/a,142.0,122,U
BASKETBALL,CBB,GRAMBLING,NORFOLK STATE,n/a,137.0,146,O
BASKETBALL,CBB,SEATTLE,ILLINOIS CHICAGO,n/a,148.5,147,U
BASKETBALL,CBB,PENNSYLVANIA,RIDER,n/a,135.0,145,O
BASKETBALL,CBB,ALABAMA STATE,DELAWARE STATE,n/a,148.0,163,O
BASKETBALL,CBB,AKRON,YALE,n/a,153.0,132,U
BASKETBALL,CBB,SAINT PETERS,DELAWARE,n/a,140.5,136,U
BASKETBALL,CBB,NC CENTRAL,LONGWOOD,n/a,143.5,149,O
BASKETBALL,CBB,NORTH TEXAS,APPALACHIAN STATE,n/a,123.5,132,O
BASKETBALL,CBB,CINCINNATI,DAYTON,n/a,136.5,125,U
BASKETBALL,CBB,UTEP,JACKSON STATE,n/a,139.5,128,U
BASKETBALL,CBB,BYU,FLORIDA A&M,n/a,147.5,160,O
BASKETBALL,CBB,LOYOLA MARYMOUNT,SOUTHERN UNIVERSITY,n/a,136.5,162,O
BASKETBALL,CBB,NORFOLK STATE,ALABAMA STATE,n/a,145.5,125,U
BASKETBALL,CBB,NORTH ALABAMA,CHARLESTON SOUTHERN,n/a,148.5,155,O
BASKETBALL,CBB,CLEVELAND STATE,OAKLAND,n/a,128.5,167,O
BASKETBALL,CBB,DELAWARE STATE,GRAMBLING,n/a,141.5,133,U
BASKETBALL,CBB,MOREHEAD STATE,UT MARTIN,n/a,144.0,139,U
BASKETBALL,CBB,BELMONT,UC IRVINE,n/a,154.5,176,O
BASKETBALL,CBB,MIDDLE TENNESSEE,LIPSCOMB,n/a,149.0,132,U
BASKETBALL,CBB,TEXAS,NEW ORLEANS,n/a,148.5,160,O
BASKETBALL,CBB,LITTLE ROCK,SIU EDWARDSVILLE,n/a,137.5,116,U
BASKETBALL,CBB,WYOMING,BELLARMINE,n/a,140.5,147,O
BASKETBALL,CBB,SOUTHERN INDIANA,TENNESSEE STATE,n/a,150.5,152,O
BASKETBALL,CBB,SE MISSOURI STATE,EASTERN ILLINOIS,n/a,139.5,151,O
BASKETBALL,CBB,LINDENWOOD,TENNESSEE TECH,n/a,144.5,152,O
BASKETBALL,CBB,UTAH TECH,SOUTH DAKOTA,n/a,164.0,179,O
BASKETBALL,CBB,PEPPERDINE,LONG BEACH STATE,n/a,138.5,155,O
BASKETBALL,CBB,GRAND CANYON,CHICAGO STATE,n/a,149.5,125,U
BASKETBALL,CBB,SAINT MARYS,MERRIMACK,n/a,129.0,141,O
FOOTBALL,CFB,SAM HOUSTON,GEORGIA SOUTHERN,n/a,48.0,57,O
FOOTBALL,NFL,LA CHARGERS,DEN BRONCOS,n/a,41.5,61,O
BASKETBALL,NBA,ORL MAGIC,OKC THUNDER,n/a,209.0,204,U
BASKETBALL,NBA,DET PISTONS,UTA JAZZ,n/a,227.5,245,O
BASKETBALL,NBA,WAS WIZARDS,CHA HORNETS,n/a,226.5,237,O
BASKETBALL,NBA,BOS CELTICS,CHI BULLS,n/a,240.5,225,U
BASKETBALL,NBA,TOR RAPTORS,BKN NETS,n/a,217.5,195,U
BASKETBALL,NBA,HOU ROCKETS,NO PELICANS,n/a,217.5,246,O
BASKETBALL,NBA,MEM GRIZZLIES,GS WARRIORS,n/a,236.5,237,O
BASKETBALL,NBA,SA SPURS,ATL HAWKS,n/a,234.0,259,O
BASKETBALL,NBA,DAL MAVERICKS,LA CLIPPERS,n/a,223.0,213,U
BASKETBALL,NBA,PHO SUNS,IND PACERS,n/a,235.5,231,U
BASKETBALL,NBA,MIN TIMBERWOLVES,NY KNICKS,n/a,214.5,240,O
BASKETBALL,NBA,POR TRAIL BLAZERS,DEN NUGGETS,n/a,234.5,250,O
BASKETBALL,NBA,SAC KINGS,LA LAKERS,n/a,228.5,213,U
BASKETBALL,CBB,EAST TEXAS A&M,ABILENE CHRISTIAN,n/a,140.5,135,U
BASKETBALL,CBB,UMASS LOWELL,STONEHILL,n/a,148.0,145,U
BASKETBALL,CBB,USC UPSTATE,SOUTH CAROLINA STATE,n/a,154.0,155,O
BASKETBALL,CBB,GEORGETOWN,CREIGHTON,n/a,145.0,138,U
BASKETBALL,CBB,LA SALLE,FAIRLEIGH DICKINSON,n/a,161.0,149,U
BASKETBALL,CBB,VIRGINIA,MEMPHIS,n/a,130.0,126,U
BASKETBALL,CBB,UCONN,XAVIER,n/a,147.0,183,O
BASKETBALL,CBB,TEMPLE,DAVIDSON,n/a,148.5,123,U
BASKETBALL,CBB,SAINT JOSEPHS,AMERICAN,n/a,142.5,141,U
BASKETBALL,CBB,OHIO,AUSTIN PEAY,n/a,142.0,136,U
BASKETBALL,CBB,NORTHERN KENTUCKY,DETROIT MERCY,n/a,135.0,133,U
BASKETBALL,CBB,SOUTH FLORIDA,BETHUNE-COOKMAN,n/a,148.0,148,D
BASKETBALL,CBB,UMASS,NORTHEASTERN,n/a,148.5,149,O
BASKETBALL,CBB,WRIGHT STATE,YOUNGSTOWN STATE,n/a,143.5,150,O
BASKETBALL,CBB,GEORGE WASHINGTON,LAFAYETTE,n/a,142.5,144,O
BASKETBALL,CBB,INDIANA STATE,MURRAY STATE,n/a,153.0,158,O
BASKETBALL,CBB,UNC WILMINGTON,FLORIDA GULF COAST,n/a,139.0,145,O
BASKETBALL,CBB,ETSU,ELON,n/a,144.5,142,U
BASKETBALL,CBB,VERMONT,MIAMI OH,n/a,130.0,142,O
BASKETBALL,CBB,WILLIAM & MARY,RICHMOND,n/a,155.5,180,O
BASKETBALL,CBB,FAIRFIELD,CENTRAL CONNECTICUT STATE,n/a,138.5,127,U
BASKETBALL,CBB,QUEENS NC,MERCER,n/a,161.0,139,U
BASKETBALL,CBB,CAMPBELL,LONGWOOD,n/a,142.5,132,U
BASKETBALL,CBB,GEORGIA TECH,UMBC,n/a,160.0,173,O
BASKETBALL,CBB,UAB,ALABAMA A&M,n/a,159.0,163,O
BASKETBALL,CBB,UT RIO GRANDE VALLEY,SOUTHERN UTAH,n/a,156.0,151,U
BASKETBALL,CBB,HOUSTON,TOLEDO,n/a,142.0,127,U
BASKETBALL,CBB,SAINT LOUIS,WOFFORD,n/a,150.5,145,U
BASKETBALL,CBB,ILLINOIS STATE,NORTHERN ILLINOIS,n/a,140.5,141,O
BASKETBALL,CBB,OKLAHOMA STATE,TARLETON STATE,n/a,139.0,127,U
BASKETBALL,CBB,BRADLEY,SAN FRANCISCO,n/a,141.0,130,U
BASKETBALL,CBB,UT ARLINGTON,EVANSVILLE,n/a,150.5,134,U
BASKETBALL,CBB,LOUISIANA,APPALACHIAN STATE,n/a,136.0,130,U
BASKETBALL,CBB,VANDERBILT,THE CITADEL,n/a,149.0,158,O
BASKETBALL,CBB,MARQUETTE,BUTLER,n/a,148.5,150,O
BASKETBALL,CBB,OKLAHOMA,MICHIGAN,n/a,149.0,173,O
BASKETBALL,CBB,NORTH DAKOTA,ALABAMA,n/a,167.0,187,O
BASKETBALL,CBB,ARIZONA,SAMFORD,n/a,168.0,160,U
BASKETBALL,CBB,NEW MEXICO,VCU,n/a,151.5,149,U
BASKETBALL,CBB,UC DAVIS,IDAHO,n/a,141.5,140,U
BASKETBALL,CBB,IDAHO STATE,UTAH VALLEY,n/a,136.0,126,U
BASKETBALL,CBB,USC,CSUN,n/a,151.5,159,O
BASKETBALL,CBB,SANTA CLARA,KENNESAW STATE,n/a,157.5,168,O
BASKETBALL,CBB,PACIFIC,PORTLAND STATE,n/a,148.0,156,O
BASKETBALL,CBB,LOYOLA MARYMOUNT,UC SANTA BARBARA,n/a,142.0,118,U
BASKETBALL,CBB,UC RIVERSIDE,MONTANA STATE,n/a,143.0,163,O
BASKETBALL,CBB,PORTLAND,CSU BAKERSFIELD,n/a,141.0,145,O
BASKETBALL,CBB,WASHINGTON,WASHINGTON STATE,n/a,149.0,162,O
BASKETBALL,CBB,NORTH TEXAS,MISSISSIPPI VALLEY,n/a,123.0,125,O
BASKETBALL,CBB,GONZAGA,NICHOLLS STATE,n/a,155.5,174,O
FOOTBALL,CFB,JAMES MADISON,WESTERN KENTUCKY,n/a,49.5,44,U
FOOTBALL,CFB,UNLV,CALIFORNIA,n/a,46.0,37,U
FOOTBALL,CFB,WEST VIRGINIA,MEMPHIS,n/a,60.5,77,O
BASKETBALL,NBA,OKC THUNDER,MIL BUCKS,IN-SEASON TOURNAMENT,216.0,178,U
BASKETBALL,CBB,HOWARD,DREXEL,n/a,143.0,133,U
BASKETBALL,CBB,UNC ASHEVILLE,NORTH FLORIDA,n/a,161.5,176,O
BASKETBALL,CBB,FLORIDA,NORTH CAROLINA,n/a,167.5,174,O
BASKETBALL,CBB,DAYTON,UNLV,n/a,140.5,131,U
BASKETBALL,CBB,SOUTH CAROLINA,CLEMSON,n/a,134.0,179,O
BASKETBALL,CBB,DUKE,GEORGE MASON,n/a,136.5,115,U
BASKETBALL,CBB,MICHIGAN STATE,OAKLAND,n/a,133.0,135,O
BASKETBALL,CBB,FLORIDA STATE,WINTHROP,n/a,159.0,146,U
BASKETBALL,CBB,WAKE FOREST,JAMES MADISON,n/a,135.5,133,U
BASKETBALL,CBB,OLE MISS,SOUTHERN UNIVERSITY,n/a,143.5,135,U
BASKETBALL,CBB,QUINNIPIAC,HOLY CROSS,n/a,143.5,139,U
BASKETBALL,CBB,EAST CAROLINA,FIU,n/a,143.0,139,U
BASKETBALL,CBB,CHARLOTTE,WEST GEORGIA,n/a,139.0,145,O
BASKETBALL,CBB,NORTH CAROLINA A&T,COASTAL CAROLINA,n/a,146.5,141,U
BASKETBALL,CBB,GEORGIA SOUTHERN,GARDNER-WEBB,n/a,152.5,167,O
BASKETBALL,CBB,ROBERT MORRIS,TOWSON,n/a,132.0,145,O
BASKETBALL,CBB,TENNESSEE,WESTERN CAROLINA,n/a,142.0,120,U
BASKETBALL,CBB,VILLANOVA,SETON HALL,n/a,126.5,146,O
BASKETBALL,CBB,MISSOURI,JACKSONVILLE STATE,n/a,146.5,155,O
BASKETBALL,CBB,MISSISSIPPI STATE,CENTRAL MICHIGAN,n/a,148.0,142,U
BASKETBALL,CBB,WICHITA STATE,UMKC,n/a,148.0,138,U
BASKETBALL,CBB,MARYLAND,SAINT FRANCIS PA,n/a,146.5,168,O
BASKETBALL,CBB,OHIO STATE,VALPARAISO,n/a,150.5,168,O
BASKETBALL,CBB,KANSAS STATE,DRAKE,n/a,134.5,143,O
BASKETBALL,CBB,WESTERN KENTUCKY,SEATTLE,n/a,149.0,159,O
BASKETBALL,CBB,AUBURN,GEORGIA STATE,n/a,155.5,159,O
BASKETBALL,CBB,SOUTHERN MISS,LAMAR,n/a,139.0,134,U
BASKETBALL,CBB,ULM,HOUSTON CHRISTIAN,n/a,137.0,142,O
BASKETBALL,CBB,WESTERN ILLINOIS,TENNESSEE TECH,n/a,139.5,139,U
BASKETBALL,CBB,UTAH STATE,UC SAN DIEGO,n/a,150.5,148,U
BASKETBALL,CBB,COLORADO STATE,RADFORD,n/a,137.0,146,O
BASKETBALL,CBB,BOISE STATE,TEXAS SOUTHERN,n/a,148.5,133,U
BASKETBALL,CBB,LSU,STETSON,n/a,150.5,152,O
BASKETBALL,CBB,UTAH,FLORIDA A&M,n/a,152.0,148,U
BASKETBALL,CBB,UCLA,PRAIRIE VIEW,n/a,147.0,186,O
BASKETBALL,CBB,STANFORD,MERRIMACK,n/a,135.5,142,O
BASKETBALL,CBB,CAL POLY,DENVER,n/a,161.5,189,O
BASKETBALL,CBB,OREGON STATE,SACRAMENTO STATE,n/a,131.0,127,U
BASKETBALL,NBA,DET PISTONS,MIA HEAT,n/a,219.0,249,O
BASKETBALL,NBA,CHA HORNETS,PHI 76ERS,n/a,216.5,229,O
BASKETBALL,NBA,BKN NETS,CLE CAVALIERS,n/a,215.5,231,O
BASKETBALL,NBA,TOR RAPTORS,CHI BULLS,n/a,240.5,243,O
BASKETBALL,NBA,SAC KINGS,DEN NUGGETS,n/a,237.5,259,O
BASKETBALL,NBA,LA CLIPPERS,UTA JAZZ,n/a,222.5,251,O
BASKETBALL,CBB,CHARLESTON,WOFFORD,n/a,148.0,144,U
BASKETBALL,CBB,CENTRAL ARKANSAS,THE CITADEL,n/a,138.0,144,O
BASKETBALL,CBB,GRAMBLING,SE LOUISIANA,n/a,134.0,140,O
BASKETBALL,CBB,MIDDLE TENNESSEE,CALIFORNIA BAPTIST,n/a,146.5,139,U
BASKETBALL,CBB,LOUISIANA TECH,GRAND CANYON,n/a,144.5,140,U
BASKETBALL,CBB,TCU,SOUTH ALABAMA,n/a,138.0,107,U
BASKETBALL,CBB,NORTHERN IOWA,MONTANA,n/a,145.5,180,O
BASKETBALL,CBB,NORTHERN COLORADO,AIR FORCE,n/a,141.5,157,O
BASKETBALL,CBB,RICE,ALCORN,n/a,136.0,152,O
BASKETBALL,CBB,TEXAS TECH,ORAL ROBERTS,n/a,148.5,136,U
BASKETBALL,CBB,UTEP,TARLETON STATE,n/a,130.5,129,U
BASKETBALL,CBB,NEW MEXICO STATE,SOUTHERN UTAH,n/a,146.0,141,U
FOOTBALL,NFL,MIN VIKINGS,CHI BEARS,n/a,44.0,42,U
FOOTBALL,NFL,LV RAIDERS,ATL FALCONS,n/a,44.5,24,U
FOOTBALL,NFL,NY GIANTS,BAL RAVENS,n/a,42.5,49,O
FOOTBALL,NFL,NO SAINTS,WAS COMMANDERS,n/a,44.0,39,U
FOOTBALL,NFL,CLE BROWNS,KC CHIEFS,n/a,41.5,28,U
FOOTBALL,NFL,TEN TITANS,CIN BENGALS,n/a,46.5,64,O
FOOTBALL,NFL,HOU TEXANS,MIA DOLPHINS,n/a,46.0,32,U
FOOTBALL,NFL,JAX JAGUARS,NY JETS,n/a,41.0,57,O
FOOTBALL,NFL,CAR PANTHERS,DAL COWBOYS,n/a,43.0,44,O
FOOTBALL,NFL,DET LIONS,BUF BILLS,n/a,54.5,90,O
FOOTBALL,NFL,DEN BRONCOS,IND COLTS,n/a,43.5,44,O
FOOTBALL,NFL,PHI EAGLES,PIT STEELERS,n/a,43.0,40,U
FOOTBALL,NFL,ARI CARDINALS,NE PATRIOTS,n/a,46.0,47,O
FOOTBALL,NFL,LA CHARGERS,TB BUCCANEERS,n/a,45.5,57,O
FOOTBALL,NFL,SEA SEAHAWKS,GB PACKERS,n/a,46.5,43,U
FOOTBALL,NFL,SF 49ERS,LA RAMS,n/a,48.5,22,U
BASKETBALL,NBA,MIA HEAT,TOR RAPTORS,n/a,224.5,"",U
BASKETBALL,NBA,NO PELICANS,SAC KINGS,n/a,231.5,"",U
BASKETBALL,CBB,VIRGINIA TECH,NORTH CAROLINA A&T,n/a,146.5,"",O
BASKETBALL,CBB,VIRGINIA,BETHUNE-COOKMAN,n/a,126.0,"",U
BASKETBALL,CBB,THE CITADEL,CAMPBELL,n/a,136.0,"",O
BASKETBALL,CBB,IOWA,IOWA STATE,n/a,161.5,"",O
BASKETBALL,CBB,TEXAS,NEW MEXICO STATE,n/a,142.0,"",O
BASKETBALL,CBB,ARKANSAS STATE,UT ARLINGTON,n/a,157.0,"",O
BASKETBALL,CBB,EVANSVILLE,CHATTANOOGA,n/a,148.5,"",U
BASKETBALL,CBB,MERRIMACK,BOSTON UNIVERSITY,n/a,127.0,125,U
BASKETBALL,CBB,LOUISIANA TECH,GEORGIA SOUTHERN,n/a,144.5,140,U
BASKETBALL,CBB,NEBRASKA,INDIANA,n/a,155.5,153,U
BASKETBALL,CBB,NORTHERN IOWA,OMAHA,n/a,142.0,136,U
BASKETBALL,CBB,UTSA,NORTH DAKOTA,n/a,154.0,156,O
BASKETBALL,CBB,COLORADO,SOUTH DAKOTA STATE,n/a,145.0,145,D
BASKETBALL,CBB,SAIN THOMAS MN,WESTERN MICHIGAN,n/a,147.5,148,O
BASKETBALL,CBB,UTAH TECH,WEBER STATE,n/a,144.0,144,D
BASKETBALL,NBA,CLE CAVALIERS,WAS WIZARDS,n/a,232.5,220,U
BASKETBALL,NBA,PHI 76ERS,IND PACERS,n/a,228.5,228,U
BASKETBALL,NBA,MEM GRIZZLIES,BKN NETS,n/a,228.0,254,O
BASKETBALL,NBA,CHI BULLS,CHA HORNETS,n/a,232.0,204,U
BASKETBALL,NBA,MIN TIMBERWOLVES,LA LAKERS,n/a,213.5,184,U
BASKETBALL,NBA,DEN NUGGETS,LA CLIPPERS,n/a,227.0,218,U
BASKETBALL,NBA,UTA JAZZ,PHO SUNS,n/a,234.0,260,O
BASKETBALL,NBA,POR TRAIL BLAZERS,SA SPURS,n/a,225.0,234,O
BASKETBALL,CBB,CLEMSON,MEMPHIS,n/a,143.5,169,O
BASKETBALL,CBB,PURDUE,TEXAS A&M,n/a,144.5,136,U
BASKETBALL,CBB,FURMAN,SOUTH CAROLINA STATE,n/a,143.0,132,U
BASKETBALL,CBB,SOUTH DAKOTA,WESTERN ILLINOIS,n/a,154.5,155,O
BASKETBALL,CBB,PENN STATE,COPPIN STATE,n/a,145.0,150,O
BASKETBALL,CBB,AUBURN,OHIO STATE,n/a,154.0,144,U
BASKETBALL,CBB,DEPAUL,WICHITA STATE,n/a,152.0,163,O
BASKETBALL,CBB,LOUISIANA,LAMAR,n/a,146.5,119,U
BASKETBALL,CBB,YOUNGSTOWN STATE,TOLEDO,n/a,149.0,180,O
BASKETBALL,CBB,JACKSONVILLE,ETSU,n/a,145.0,112,U
BASKETBALL,CBB,CINCINNATI,XAVIER,n/a,145.5,133,U
BASKETBALL,CBB,UCF,TULSA,n/a,144.5,163,O
BASKETBALL,CBB,UMASS LOWELL,DARTMOUTH,n/a,154.0,175,O
BASKETBALL,CBB,FLORIDA ATLANTIC,TEXAS STATE,n/a,149.0,169,O
BASKETBALL,CBB,UNC ASHEVILLE,WESTERN CAROLINA,n/a,145.5,139,U
BASKETBALL,CBB,APPALACHIAN STATE,HIGH POINT,n/a,137.5,124,U
BASKETBALL,CBB,WESTERN KENTUCKY,MURRAY STATE,n/a,148.5,157,O
BASKETBALL,CBB,LONGWOOD,NC CENTRAL,n/a,145.5,147,O
BASKETBALL,CBB,GARDNER-WEBB,QUEENS NC,n/a,155.5,168,O
BASKETBALL,CBB,SOUTH CAROLINA,USC UPSTATE,n/a,151.5,126,U
BASKETBALL,CBB,GEORGIA STATE,CHARLOTTE,n/a,143.0,140,U
BASKETBALL,CBB,BUTLER,WISCONSIN,n/a,146.0,157,O
BASKETBALL,CBB,ARIZONA,UCLA,n/a,145.0,111,U
BASKETBALL,CBB,RUTGERS,SETON HALL,n/a,133.5,129,U
BASKETBALL,CBB,CALIFORNIA,NORTHWESTERN STATE,n/a,144.5,150,O
BASKETBALL,CBB,HOWARD,UNC WILMINGTON,n/a,146.5,171,O
BASKETBALL,CBB,BELLARMINE,BALL STATE,n/a,144.0,168,O
BASKETBALL,CBB,UT ARLINGTON,ULM,n/a,152.0,145,U
BASKETBALL,CBB,KANSAS,NC STATE,n/a,145.0,135,U
BASKETBALL,CBB,ARIZONA STATE,FLORIDA,n/a,155.5,149,U
BASKETBALL,CBB,NORTH CAROLINA,LA SALLE,n/a,163.5,160,U
BASKETBALL,CBB,SOUTHERN MISS,OLE MISS,n/a,148.0,123,U
BASKETBALL,CBB,UTAH STATE,SOUTH FLORIDA,n/a,155.0,155,D
BASKETBALL,CBB,SMU,LSU,n/a,154.0,138,U
BASKETBALL,CBB,ARKANSAS,CENTRAL ARKANSAS,n/a,148.0,139,U
BASKETBALL,CBB,PEPPERDINE,NORTHERN ARIZONA,n/a,146.5,162,O
BASKETBALL,CBB,MARSHALL,OHIO,n/a,157.0,149,U
BASKETBALL,CBB,STETSON,FIU,n/a,147.5,153,O
BASKETBALL,CBB,VALPARAISO,CENTRAL MICHIGAN,n/a,144.5,170,O
BASKETBALL,CBB,FLORIDA STATE,TULANE,n/a,148.0,141,U
BASKETBALL,CBB,SANTA CLARA,BRADLEY,n/a,145.0,158,O
BASKETBALL,CBB,LINDENWOOD,IU INDIANAPOLIS,n/a,143.0,144,O
BASKETBALL,CBB,WASHINGTON STATE,MISSOURI STATE,n/a,141.5,169,O
BASKETBALL,CBB,OREGON STATE,UC IRVINE,n/a,134.5,122,U
BASKETBALL,CBB,WEST VIRGINIA,BETHUNE-COOKMAN,n/a,136.5,145,O
BASKETBALL,CBB,JACKSONVILLE STATE,UTAH VALLEY,n/a,142.0,136,U
BASKETBALL,CBB,AUSTIN PEAY,SOUTHERN ILLINOIS,n/a,133.5,125,U
BASKETBALL,CBB,NORTH FLORIDA,UNC GREENSBOR0,n/a,147.5,166,O
BASKETBALL,CBB,KENTUCKY,LOUISVILLE,n/a,159.0,178,O
BASKETBALL,CBB,ILLINOIS,TENNESSEE,n/a,147.0,130,U
BASKETBALL,CBB,MISSISSIPPI STATE,MCNEESE,n/a,143.5,129,U
BASKETBALL,CBB,GEORGIA,GRAND CANYON,n/a,149.0,141,U
BASKETBALL,CBB,DUQUESNE,TOWSON,n/a,126.5,112,U
BASKETBALL,CBB,RICHMOND,BELMONT,n/a,149.0,179,O
BASKETBALL,CBB,DAYTON,MARQUETTE,n/a,150.0,134,U
BASKETBALL,CBB,DAVIDSON,DETROIT MERCY,n/a,144.5,137,U
BASKETBALL,CBB,UTAH,RADFORD,n/a,143.0,144,O
BASKETBALL,CBB,LIBERTY,NORTH CAROLINA A&T,n/a,143.0,157,O
BASKETBALL,CBB,UC SANTA BARBARA,GREEN BAY,n/a,151.0,149,U
BASKETBALL,CBB,FRESNO STATE,SAN DIEGO,n/a,152.5,138,U
BASKETBALL,CBB,MOUNT SAINT MARYS,LOYOLA MARYLAND,n/a,141.0,146,O
BASKETBALL,CBB,COLORADO STATE,VCU,n/a,135.5,144,O
BASKETBALL,CBB,UCONN,GONZAGA,n/a,152.5,148,U
BASKETBALL,CBB,OKLAHOMA STATE,OKLAHOMA,n/a,153.5,145,U
BASKETBALL,CBB,EASTERN KENTUCKY,EASTERN ILLINOIS,n/a,142.0,147,O
BASKETBALL,CBB,UMKC,BOWLING GREEN,n/a,142.0,162,O
BASKETBALL,CBB,ALABAMA,CREIGHTON,n/a,163.5,158,U
BASKETBALL,CBB,BYU,WYOMING,n/a,146.0,117,U
BASKETBALL,CBB,LOYOLA MARYMOUNT,PRAIRIE VIEW,n/a,158.5,151,U
BASKETBALL,CBB,BOISE STATE,SAINT MARYS,n/a,138.5,132,U
BASKETBALL,CBB,NEVADA,TEXAS SOUTHERN,n/a,141.0,178,O
BASKETBALL,CBB,SAN JOSE STATE,CAL POLY,n/a,155.0,207,O
BASKETBALL,CBB,SACRAMENTO STATE,UC DAVIS,n/a,136.5,131,U
BASKETBALL,CBB,UNLV,PACIFIC,n/a,138.5,137,U
BASKETBALL,CBB,HAWAII,A&M-CORPUS CHRISTI,n/a,142.5,133,U
BASKETBALL,NBA,MIL BUCKS,ATL HAWKS,n/a,232.5,212,U
BASKETBALL,NBA,OKC THUNDER,HOU ROCKETS,n/a,216.0,207,U
FOOTBALL,CFB,WESTERN MICHIGAN,SOUTH ALABAMA,n/a,56.5,53,U
BASKETBALL,CBB,VIRGINIA TECH,NAVY,n/a,141.0,152,O
BASKETBALL,CBB,EAST TEXAS A&M,SOUTH ALABAMA,n/a,134.5,153,O
BASKETBALL,CBB,RHODE ISLAND,CENTRAL CONNECTICUT STATE,n/a,142.0,146,O
BASKETBALL,CBB,OLD DOMINION,NORTHEASTERN,n/a,143.0,146,O
BASKETBALL,CBB,NORTHERN KENTUCKY,NORFOLK STATE,n/a,138.5,133,O
BASKETBALL,CBB,IOWA STATE,OMAHA,n/a,149.0,134,U
BASKETBALL,CBB,MILWAUKEE,AKRON,n/a,154.5,181,O
BASKETBALL,CBB,MIAMI FL,PRESBYTERIAN,n/a,143.5,169,O
BASKETBALL,CBB,NORTH DAKOTA STATE,WESTERN MICHIGAN,n/a,145.0,160,O
BASKETBALL,CBB,CHATTANOOGA,ALABAMA A&M,n/a,151.0,148,U
BASKETBALL,CBB,MERCER,CHICAGO STATE,n/a,151.0,138,U
BASKETBALL,CBB,EASTERN MICHIGAN,PURDUE FORT WAYNE,n/a,147.0,175,O
BASKETBALL,CBB,LITTLE ROCK,ILLINOIS CHICAGO,n/a,146.5,146,U
BASKETBALL,CBB,MORGAN STATE,CAMPBELL,n/a,148.0,162,O
BASKETBALL,CBB,IOWA,NEW ORLEANS,n/a,163.5,161,U
BASKETBALL,CBB,NORTH DAKOTA,UTSA,n/a,154.5,180,O
BASKETBALL,CBB,TEXAS,ARKANSAS-PINE BLUFF,n/a,158.5,178,O
BASKETBALL,CBB,BOSTON COLLEGE,STONEHILL,n/a,136.5,142,O
BASKETBALL,CBB,GEORGIA TECH,NORTHWESTERN,n/a,138.0,131,U
BASKETBALL,CBB,KENT STATE,MERCYHURST,n/a,127.5,139,O
BASKETBALL,CBB,ILLINOIS STATE,SAINT LOUIS,n/a,149.5,158,O
BASKETBALL,CBB,CAL STATE FULLERTON,DENVER,n/a,138.0,133,U
BASKETBALL,CBB,OREGON,STEPHEN F. AUSTIN,n/a,134.5,140,O
BASKETBALL,CBB,UAB,ARKANSAS STATE,n/a,159.0,187,O
BASKETBALL,CBB,LOYOLA CHICAGO,SAN FRANCISCO,n/a,139.0,142,O
BASKETBALL,CBB,IDAHO,UC SAN DIEGO,n/a,141.0,136,U
BASKETBALL,CBB,USC,MONTANA STATE,n/a,140.5,152,O
BASKETBALL,NBA,IND PACERS,NO PELICANS,n/a,231.0,223,U
BASKETBALL,NBA,ORL MAGIC,NY KNICKS,n/a,214.0,191,U
BASKETBALL,NBA,WAS WIZARDS,BOS CELTICS,n/a,234.0,210,U
BASKETBALL,NBA,SA SPURS,MIN TIMBERWOLVES,n/a,214.5,198,U
BASKETBALL,NBA,PHO SUNS,POR TRAIL BLAZERS,n/a,231.5,225,U
BASKETBALL,NBA,GS WARRIORS,DAL MAVERICKS,n/a,227.0,276,O
BASKETBALL,NBA,LA LAKERS,MEM GRIZZLIES,n/a,235.0,226,U